stt,ma_loai_vb,ten_san_pham,mo_ta,loai_san_pham,san_pham_chuan,nhom,he_so,linh_vuc,lech_nhom
1.1,8,"Chiến lược, Đề án phát triển Trường giai đoạn trung, dài hạn","Xây dựng, trình cấp có thẩm quyền phê duyệt Đề án phát triển Trường theo từng giai đoạn.",Đề án,,Nhóm 5,4.5,"1. Chiến lược, quy hoạch và kế hoạch phát triển",
1.2,7.3,"Chương trình, kế hoạch phát triển nhà trường trung – dài hạn",Cụ thể hóa Chiến lược/Đề án phát triển thành kế hoạch trung hạn 5 năm.,Kế hoạch,,Nhóm 4,3.5,"1. Chiến lược, quy hoạch và kế hoạch phát triển",
1.3,7.2,"Chương trình, kế hoạch công tác năm của Trường",Xây dựng kế hoạch công tác năm trình Hiệu trưởng ban hành.,Kế hoạch,,Nhóm 2,1.5,"1. Chiến lược, quy hoạch và kế hoạch phát triển",hệ số 1.5 ≠ chuẩn Nhóm 2 = 1.2
1.4,7.1,"Chương trình, kế hoạch công tác tháng, quý của Trường",Cụ thể hóa kế hoạch năm thành kế hoạch quý/tháng.,Kế hoạch,x,Nhóm 1,1,"1. Chiến lược, quy hoạch và kế hoạch phát triển",hệ số 1 ≠ chuẩn Nhóm 1 = 0.5
1.5,7.5,"Kế hoạch triển khai văn bản cấp trên (chương trình hành động thực hiện Nghị quyết, Chỉ thị)",Xây dựng chương trình hành động cụ thể hóa chủ trương cấp trên giao.,Kế hoạch,,Nhóm 2,1.5,"1. Chiến lược, quy hoạch và kế hoạch phát triển",hệ số 1.5 ≠ chuẩn Nhóm 2 = 1.2
1.6,9.3,"Báo cáo sơ kết (quý, 6 tháng) hoạt động nhà trường","Đánh giá kết quả hoạt động nhà trường tháng, quý, 6 tháng.",Báo cáo,x,Nhóm 1,1,"1. Chiến lược, quy hoạch và kế hoạch phát triển",hệ số 1 ≠ chuẩn Nhóm 1 = 0.5
1.7,9.2,Báo cáo tổng kết năm hoạt động nhà trường,"Tổng hợp, thống kê số liệu, đánh giá kết quả hoạt động nhà trường chu kỳ năm.",Báo cáo,,Nhóm 2,1.5,"1. Chiến lược, quy hoạch và kế hoạch phát triển",hệ số 1.5 ≠ chuẩn Nhóm 2 = 1.2
1.8,9.3,"Báo cáo hoạt động nhà trường giai đoạn (3 năm, 5 năm, …)","Tổng hợp, thống kê số liệu, đánh giá kết quả hoạt động nhà trường giai đoạn 3 năm, 5 năm,...",Báo cáo,,Nhóm 2,2,"1. Chiến lược, quy hoạch và kế hoạch phát triển",hệ số 2 ≠ chuẩn Nhóm 2 = 1.2
1.9,8,"Chiến lược, đề án phát triển khoa, phòng","Xây dựng, trình cấp có thẩm quyền phê duyệt Đề án, chiến lược phát triển khoa, phòng thuộc Trường theo từng giai đoạn.",Đề án,,Nhóm 3,2.5,"1. Chiến lược, quy hoạch và kế hoạch phát triển",
1.10,7.3,"Chương trình/Kế hoạch triển khai đề án phát triển khoa, phòng","Chương trình, kế hoạch cụ thể hóa Chiến lược/Đề án phát triển khoa, phòng.",Kế hoạch,,Nhóm 2,1.5,"1. Chiến lược, quy hoạch và kế hoạch phát triển",hệ số 1.5 ≠ chuẩn Nhóm 2 = 1.2
2.1,7.2,"Chương trình, kế hoạch công tác tuyển sinh hằng năm","Xây dựng kế hoạch tuyển sinh hằng năm theo ngành, trình độ đào tạo.",Kế hoạch,,Nhóm 2,1.5,2. Tuyển sinh,hệ số 1.5 ≠ chuẩn Nhóm 2 = 1.2
2.2,8,Phương án tuyển sinh,"Xây dựng phương án tuyển sinh (chỉ tiêu, phương thức xét tuyển) trình cấp có thẩm quyền.",Phương án,,Nhóm 2,1.5,2. Tuyển sinh,hệ số 1.5 ≠ chuẩn Nhóm 2 = 1.2
2.3,4,Thông báo tuyển sinh,"Thông báo chỉ tiêu, điều kiện, thời gian tuyển sinh đến người học.",Thông báo,,Nhóm 1,0.5,2. Tuyển sinh,
2.4,2,Quyết định thành lập Hội đồng tuyển sinh,"Thành lập Hội đồng, Ban giúp việc tuyển sinh theo từng đợt/năm.",Quyết định,,Nhóm 1,0.5,2. Tuyển sinh,
2.5,7.4,"Kế hoạch triển khai công tác tư vấn hướng nghiệp, tuyển sinh","Kế hoạch tổ chức tư vấn hướng nghiệp tại các trường phổ thông, địa phương.",Kế hoạch,,Nhóm 1,1,2. Tuyển sinh,hệ số 1 ≠ chuẩn Nhóm 1 = 0.5
2.6,9.5,Báo cáo kết quả tuyển sinh theo đợt/năm,"Tổng hợp, đánh giá kết quả tuyển sinh theo đợt/năm.",Báo cáo,,Nhóm 1,0.5,2. Tuyển sinh,
2.7,3,"Quy chế, quy định công tác tuyển sinh","Quy chế, quy định liên quan công tác tuyển sinh, tư vấn, hướng nghiệp",Quy chế/Quy định,,Nhóm 2,2.5,2. Tuyển sinh,hệ số 2.5 ≠ chuẩn Nhóm 2 = 1.2
2.8,5,Hướng dẫn liên quan công tác tuyển sinh,"Thông báo, hướng dẫn, công văn hướng dẫn liên quan công tác tuyển sinh",Hướng dẫn,,Nhóm 2,1.2,2. Tuyển sinh,
2.9,3.1,Văn bản phối hợp nội bộ Trường liên quan công tác tuyển sinh,,Công văn,,Nhóm 1,0.5,2. Tuyển sinh,
2.10,3.2,Công văn ra ngoài Trường liên quan công tác tuyển sinh,,Công văn,,Nhóm 1,0.5,2. Tuyển sinh,
2.11,9.4,"Báo cáo tiếp thu, giải trình liên quan công tác tuyển sinh",,Báo cáo,,Nhóm 1,0.5,2. Tuyển sinh,
2.12,16,Tham gia tuyển sinh,"Trực tiếp tham gia các hoạt động, đợt tuyển sinh theo phân công.",Đợt/Buổi tuyển sinh,,Nhóm 1,1,2. Tuyển sinh,hệ số 1 ≠ chuẩn Nhóm 1 = 0.5
2.13,16,Tư vấn tuyển sinh,"Tư vấn ngành, nghề, hồ sơ cho thí sinh, người học có nhu cầu.",Hồ sơ tuyển sinh,,Nhóm 1,1,2. Tuyển sinh,hệ số 1 ≠ chuẩn Nhóm 1 = 0.5
3.1,8,"Đề án mở ngành, nghề đào tạo mới","Xây dựng đề án mở ngành/nghề đào tạo mới theo chuẩn đầu ra, trình cấp có thẩm quyền phê duyệt.",Đề án,,Nhóm 4,3.5,3. Đào tạo,
3.2,7.4,"Kế hoạch xây dựng, phát triển chương trình, giáo trình đào tạo",,Kế hoạch,,Nhóm 2,1.5,3. Đào tạo,hệ số 1.5 ≠ chuẩn Nhóm 2 = 1.2
3.3,7.4,"Kế hoạch xây dựng, phát triển học liệu số",,Kế hoạch,,Nhóm 2,1.5,3. Đào tạo,hệ số 1.5 ≠ chuẩn Nhóm 2 = 1.2
3.4,2,"Quyết định, Kế hoạch thẩm định chương trình, giáo trình đào tạo",,Quyết định,x,Nhóm 1,1,3. Đào tạo,hệ số 1 ≠ chuẩn Nhóm 1 = 0.5
3.5,2,"Quyết định, Kế hoạch thẩm định học liệu số",,Quyết định,,Nhóm 1,1,3. Đào tạo,hệ số 1 ≠ chuẩn Nhóm 1 = 0.5
3.6,9.5,"Báo cáo kết quả biên soạn, thẩm định chương trình, giáo trình, học liệu số",,Báo cáo,,Nhóm 2,1.5,3. Đào tạo,hệ số 1.5 ≠ chuẩn Nhóm 2 = 1.2
3.7,7.3,"Chương trình đào tạo trình độ TC, CĐ","Chuẩn đầu ra, Chương trình đào tạo, chương trình chi tiết do nhà giáo biên soạn",Chương trình,,Nhóm 2,2,3. Đào tạo,hệ số 2 ≠ chuẩn Nhóm 2 = 1.2
3.8,7.2,"Chương trình đào tạo sơ cấp, ngắn hạn","Chương trình đào tạo, chương trình chi tiết trình độ sơ cấp, ngắn hạn do nhà giáo biên soạn",Chương trình,,Nhóm 2,2,3. Đào tạo,hệ số 2 ≠ chuẩn Nhóm 2 = 1.2
3.9,2,Quyết định ban hành chương trình đào tạo,"Ban hành, cập nhật chương trình đào tạo của ngành, nghề trình độ cao đẳng, trung cấp, sơ cấp và dưới 3 tháng.",Quyết định,,Nhóm 2,1.5,3. Đào tạo,hệ số 1.5 ≠ chuẩn Nhóm 2 = 1.2
3.10,7.2,Kế hoạch đào tạo năm học,Xây dựng kế hoạch tổ chức đào tạo cho năm học.,Kế hoạch,,Nhóm 2,1.5,3. Đào tạo,hệ số 1.5 ≠ chuẩn Nhóm 2 = 1.2
3.11,7.1,Kế hoạch giảng dạy học kỳ,"Xây dựng kế hoạch, thời khóa biểu giảng dạy học kỳ.",Kế hoạch,,Nhóm 1,1,3. Đào tạo,hệ số 1 ≠ chuẩn Nhóm 1 = 0.5
3.12,9.1,"Quyết định công nhận kết quả học tập học kỳ, năm học","Tổng hợp kết quả đào tạo theo học kỳ, năm học; ra quyết định công nhận",Báo cáo,,Nhóm 1,0.5,3. Đào tạo,
3.13,2,Quyết định công nhận tốt nghiệp,"Xét, công nhận tốt nghiệp cho người học theo khóa/đợt.",Quyết định,,Nhóm 1,0.5,3. Đào tạo,
3.14,11,"Theo dõi, cấp phát văn bằng, chứng chỉ",,Phiếu,,Nhóm 1,0.5,3. Đào tạo,
3.15,9.1,"Báo cáo tình hình cấp phát văn bằng, chứng chỉ",,Báo cáo,,Nhóm 1,0.5,3. Đào tạo,
3.16,,Giảng dạy theo kế hoạch,"Giảng dạy trên lớp theo TKB, chuẩn bị tài liệu, kế hoạch bài dạy",Giờ chuẩn,,Nhóm 2,1.2,3. Đào tạo,
3.17,16,Chủ nhiệm lớp,"Nhà giáo được phân công chủ nhiệm lớp, theo dõi, quản lý lớp học.",Sổ tay chủ nhiệm lớp,,Nhóm 1,0.5,3. Đào tạo,
3.18,16,"Thao giảng, dự giờ nhà giáo","Tổ chức, tham gia thao giảng, dự giờ đánh giá chuyên môn nhà giáo.",Phiếu dự giờ/thao giảng,,Nhóm 1,1,3. Đào tạo,hệ số 1 ≠ chuẩn Nhóm 1 = 0.5
3.19,16,Kiểm tra hoạt động dạy học,"Kiểm tra việc thực hiện kế hoạch, nội dung, phương pháp dạy học.",Biên bản kiểm tra,,Nhóm 1,0.5,3. Đào tạo,
3.20,16,"Coi thi kết thúc môn học, mô đun","Thực hiện nhiệm vụ coi thi kết thúc môn học, mô đun theo phân công.",Giờ coi thi (biên bản),,Nhóm 1,0.5,3. Đào tạo,
3.21,16,"Chấm thi kết thúc môn học, mô đun","Chấm bài thi kết thúc môn học, mô đun theo phân công.",Bảng điểm/bài thi đã chấm,,Nhóm 1,1,3. Đào tạo,hệ số 1 ≠ chuẩn Nhóm 1 = 0.5
3.22,16,"Kế hoạch vật tư thực hành môn học, mô đun","Lập kế hoạch vật tư, nguyên vật liệu phục vụ thực hành.",Kế hoạch,,Nhóm 1,1,3. Đào tạo,hệ số 1 ≠ chuẩn Nhóm 1 = 0.5
3.23,16,"Sinh hoạt chuyên môn cấp bộ môn, khoa","Tham gia, tổ chức sinh hoạt chuyên môn định kỳ của bộ môn, khoa.","Kế hoạch, Biên bản, Báo cáo",,Nhóm 1,1,3. Đào tạo,hệ số 1 ≠ chuẩn Nhóm 1 = 0.5
3.24,16,Quản lý hồ sơ giảng dạy và dữ liệu đào tạo,"Lập, cập nhật, quản lý hồ sơ giảng dạy và dữ liệu đào tạo cá nhân.",Hồ sơ giảng dạy/Dữ liệu đào tạo,,Nhóm 2,1.5,3. Đào tạo,hệ số 1.5 ≠ chuẩn Nhóm 2 = 1.2
3.25,16,"Giáo trình đào tạo môn học, mô đun","Nhà giáo trực tiếp biên soạn, cập nhật  giáo trình theo phân công.",Giáo trình,,Nhóm 4,3.5,3. Đào tạo,
3.26,16,"Ngân hàng đề thi, câu hỏi thi môn học, mô đun","Biên soạn, bổ sung câu hỏi vào ngân hàng đề thi môn học, mô đun.",Đề thi/Ngân hàng câu hỏi,,Nhóm 2,2,3. Đào tạo,hệ số 2 ≠ chuẩn Nhóm 2 = 1.2
3.27,16,"Thẩm định chương trình, giáo trình đào tạo theo phân công","Tham gia hội đồng, thực hiện thẩm định chuyên môn chương trình, giáo trình.",Biên bản thẩm định/Phiếu,,Nhóm 2,2,3. Đào tạo,hệ số 2 ≠ chuẩn Nhóm 2 = 1.2
3.28,16,"Thẩm định, phản biện ngân hàng đề thi, câu hỏi thi","Phản biện, thẩm định chất lượng câu hỏi trong ngân hàng đề thi.",Phiếu/Biên bản thẩm định,,Nhóm 2,1.5,3. Đào tạo,hệ số 1.5 ≠ chuẩn Nhóm 2 = 1.2
3.29,16,"Theo dõi kết quả học tập, tổ chức học lại, học cải thiện","Theo dõi kết quả học tập; lập danh sách, tổ chức học lại/học cải thiện.","Kế hoạch/Danh sách học lại, học cải thiện",,Nhóm 2,1.5,3. Đào tạo,hệ số 1.5 ≠ chuẩn Nhóm 2 = 1.2
3.30,16,"Văn bản đề xuất miễn trừ, bảo lưu và công nhận kết quả học tập","Xét, đề xuất miễn trừ, bảo lưu, công nhận kết quả học tập cho người học.",Biên bản/Văn bản đề xuất,,Nhóm 1,0.5,3. Đào tạo,
3.31,16,Báo cáo đánh giá chương trình đào tạo,Tổ chức đánh giá định kỳ chương trình đào tạo đang triển khai.,Báo cáo đánh giá chương trình,,Nhóm 3,2.5,3. Đào tạo,
3.32,16,Xây dựng học liệu số và bài giảng điện tử,"Biên soạn bài giảng điện tử, học liệu số phục vụ giảng dạy.",Bài giảng điện tử/Học liệu số,,Nhóm 3,2.5,3. Đào tạo,
3.33,17,"Đề xuất sửa chữa, bảo dưỡng trang thiết bị đào tạo","Phát hiện, đề xuất kịp thời sửa chữa, bảo dưỡng trang thiết bị của bộ môn, khoa.",Đề xuất/Phiếu đề nghị,,Nhóm 2,1.2,3. Đào tạo,
3.34,17,Lưu trữ hồ sơ nhà giáo,"Sắp xếp, lưu trữ hồ sơ chuyên môn, nghiệp vụ của nhà giáo.",Hồ sơ lưu trữ,,Nhóm 1,1,3. Đào tạo,hệ số 1 ≠ chuẩn Nhóm 1 = 0.5
3.35,17,"Tham mưu in, cấp phát, quản lý lưu trữ văn bằng, chứng chỉ","Tham mưu quy trình in phôi, cấp phát, lưu trữ văn bằng, chứng chỉ.",Đề xuất cấp phôi/Sổ quản lý,,Nhóm 1,1,3. Đào tạo,hệ số 1 ≠ chuẩn Nhóm 1 = 0.5
3.36,2,Quyết định cử nhà giáo tham gia thực hành tại doanh nghiệp,"Tham mưu ban hành quyết định cử nhà giáo thực hành tại cơ quan, doanh nghiệp để nâng cao kỹ năng thực hành, tiếp cận công nghệ mới",Quyết định,,Nhóm 1,1,3. Đào tạo,hệ số 1 ≠ chuẩn Nhóm 1 = 0.5
4.1,7.5,Kế hoạch triển khai tự đánh giá chất lượng giáo dục,Xây dựng kế hoạch tự đánh giá phục vụ kiểm định chất lượng giáo dục nghề nghiệp.,Kế hoạch,,Nhóm 2,1.5,4. Bảo đảm chất lượng,hệ số 1.5 ≠ chuẩn Nhóm 2 = 1.2
4.2,9.3,Báo cáo giai đoạn tự đánh giá chất lượng giáo dục (kiểm định),Xây dựng báo cáo tự đánh giá theo bộ tiêu chuẩn kiểm định.,Báo cáo,,Nhóm 4,3.5,4. Bảo đảm chất lượng,
4.3,3,Quy định về bảo đảm chất lượng nội bộ,Ban hành quy định hệ thống bảo đảm chất lượng nội bộ của Trường.,Quy chế/Quy định,,Nhóm 2,2,4. Bảo đảm chất lượng,hệ số 2 ≠ chuẩn Nhóm 2 = 1.2
4.4,7.4,Kế hoạch triển khai cải tiến chất lượng sau kiểm định,"Xây dựng kế hoạch khắc phục, cải tiến sau kết luận kiểm định.",Kế hoạch,,Nhóm 2,1.5,4. Bảo đảm chất lượng,hệ số 1.5 ≠ chuẩn Nhóm 2 = 1.2
4.5,7.4,Kế hoạch xây dựng mục tiêu chất lượng,,Kế hoạch,,Nhóm 2,1.5,4. Bảo đảm chất lượng,hệ số 1.5 ≠ chuẩn Nhóm 2 = 1.2
4.6,2,Quyết định ban hành mục tiêu chất lượng,,Quyết định,,Nhóm 1,1,4. Bảo đảm chất lượng,hệ số 1 ≠ chuẩn Nhóm 1 = 0.5
4.7,9.2,Báo cáo kết quả thực hiện mục tiêu chất lượng,,Báo cáo,,Nhóm 2,1.5,4. Bảo đảm chất lượng,hệ số 1.5 ≠ chuẩn Nhóm 2 = 1.2
4.8,17,"Số hóa, sắp xếp và lưu trữ hồ sơ công tác khảo thí, kiểm tra","Số hóa, sắp xếp, lưu trữ hồ sơ khảo thí, kiểm tra, hồ sơ các lớp bồi dưỡng.","Hồ sơ được số hóa, sắp xếp, lưu trữ đầy đủ",,Nhóm 1,1,4. Bảo đảm chất lượng,hệ số 1 ≠ chuẩn Nhóm 1 = 0.5
4.9,7.4,Kế hoạch triển khai tự đánh giá chương trình đào tạo,Xây dựng kế hoạch triển khai tự đánh giá chương trình đào tạo,Kế hoạch,,Nhóm 1,1,4. Bảo đảm chất lượng,hệ số 1 ≠ chuẩn Nhóm 1 = 0.5
4.10,9.5,Báo cáo tự đánh giá chương trình đào tạo,"Báo cáo mô tả các tiêu chuẩn, tiêu chí, minh chứng theo quy định",Báo cáo,,Nhóm 3,2.5,4. Bảo đảm chất lượng,
5.1,7.2,"Chương trình, kế hoạch nghiên cứu khoa học, công nghệ năm",Xây dựng kế hoạch hoạt động khoa học công nghệ hằng năm.,Kế hoạch,,Nhóm 2,1.5,"5. Khoa học, công nghệ và đổi mới hoạt động chuyên môn",hệ số 1.5 ≠ chuẩn Nhóm 2 = 1.2
5.2,8,Thuyết minh đề tài nghiên cứu khoa học cấp Trường (Đề án),Xây dựng thuyết minh đề tài nghiên cứu khoa học trình cấp có thẩm quyền phê duyệt.,Đề án,,Nhóm 3,2.5,"5. Khoa học, công nghệ và đổi mới hoạt động chuyên môn",
5.3,9.5,Báo cáo nghiệm thu đề tài nghiên cứu khoa học,"Báo cáo kết quả, tổ chức nghiệm thu đề tài nghiên cứu khoa học.",Báo cáo,,Nhóm 2,1.5,"5. Khoa học, công nghệ và đổi mới hoạt động chuyên môn",hệ số 1.5 ≠ chuẩn Nhóm 2 = 1.2
5.4,2,"Kế hoạch, Quyết định nghiệm thu đề tài nghiên cứu khoa học, sáng kiến",,Quyết định,,Nhóm 1,1,"5. Khoa học, công nghệ và đổi mới hoạt động chuyên môn",hệ số 1 ≠ chuẩn Nhóm 1 = 0.5
5.5,13,"Hợp đồng chuyển giao công nghệ, dịch vụ khoa học công nghệ","Ký kết hợp đồng chuyển giao công nghệ, cung cấp dịch vụ khoa học công nghệ.",Hợp đồng,,Nhóm 3,2.5,"5. Khoa học, công nghệ và đổi mới hoạt động chuyên môn",
5.6,17,"Quản lý, lưu trữ hồ sơ và cơ sở dữ liệu khoa học công nghệ, đổi mới sáng tạo","Quản lý, lưu trữ hồ sơ, cơ sở dữ liệu về hoạt động KHCN, ĐMST, NCKH của HSSV.",Hồ sơ lưu trữ/Cơ sở dữ liệu,,Nhóm 2,1.5,"5. Khoa học, công nghệ và đổi mới hoạt động chuyên môn",hệ số 1.5 ≠ chuẩn Nhóm 2 = 1.2
6.1,7.2,"Chương trình, kế hoạch hợp tác doanh nghiệp trong đào tạo","Xây dựng kế hoạch phối hợp doanh nghiệp tham gia đào tạo, thực hành, thực tập.",Kế hoạch,,Nhóm 2,1.5,6. Hợp tác đào tạo và gắn kết doanh nghiệp,hệ số 1.5 ≠ chuẩn Nhóm 2 = 1.2
6.2,14,Bản ghi nhớ hợp tác đào tạo với doanh nghiệp,"Ký kết bản ghi nhớ hợp tác với doanh nghiệp, đối tác đào tạo.",Bản ghi nhớ/Bản thỏa thuận,,Nhóm 2,1.5,6. Hợp tác đào tạo và gắn kết doanh nghiệp,hệ số 1.5 ≠ chuẩn Nhóm 2 = 1.2
6.3,13,"Hợp đồng đào tạo theo đặt hàng, bồi dưỡng lao động","Ký kết hợp đồng đào tạo, đào tạo lại/bồi dưỡng lao động theo đặt hàng.",Hợp đồng,,Nhóm 3,2.5,6. Hợp tác đào tạo và gắn kết doanh nghiệp,
6.4,9.5,Báo cáo kết quả hợp tác doanh nghiệp,"Tổng hợp, đánh giá kết quả hợp tác doanh nghiệp trong đào tạo.",Báo cáo,,Nhóm 1,1,6. Hợp tác đào tạo và gắn kết doanh nghiệp,hệ số 1 ≠ chuẩn Nhóm 1 = 0.5
6.5,17,"Quản lý và lưu trữ hồ sơ hợp tác doanh nghiệp, thực hành, thực tập","Quản lý, lưu trữ hồ sơ liên quan hợp tác doanh nghiệp, thực hành, thực tập của người học.",Hồ sơ lưu trữ,,Nhóm 2,1.5,6. Hợp tác đào tạo và gắn kết doanh nghiệp,hệ số 1.5 ≠ chuẩn Nhóm 2 = 1.2
7.1,7.4,"Kế hoạch triển khai phối hợp hướng nghiệp, phân luồng học sinh","Phối hợp trường phổ thông, trung tâm GDNN-GDTX tuyên truyền, phân luồng học sinh.",Kế hoạch,,Nhóm 2,1.5,"7. Quan hệ với cơ sở giáo dục, gia đình và xã hội",hệ số 1.5 ≠ chuẩn Nhóm 2 = 1.2
7.2,8,"Đề án đào tạo tiếng Việt cho người nước ngoài, tiếng dân tộc thiểu số","Xây dựng, tổ chức chương trình đào tạo, bồi dưỡng tiếng Việt/tiếng dân tộc thiểu số.",Đề án,,Nhóm 3,2.5,"7. Quan hệ với cơ sở giáo dục, gia đình và xã hội",
7.3,14,"Bản thỏa thuận hợp tác với cơ sở giáo dục nghề nghiệp, giáo dục đại học",Ký kết thỏa thuận liên kết đào tạo với cơ sở giáo dục khác.,Bản ghi nhớ/Bản thỏa thuận,,Nhóm 2,1.5,"7. Quan hệ với cơ sở giáo dục, gia đình và xã hội",hệ số 1.5 ≠ chuẩn Nhóm 2 = 1.2
7.4,9.5,"Báo cáo công tác truyền thông, quan hệ với gia đình và xã hội","Tổng hợp kết quả công tác truyền thông, phối hợp gia đình người học.",Báo cáo,,Nhóm 1,1,"7. Quan hệ với cơ sở giáo dục, gia đình và xã hội",hệ số 1 ≠ chuẩn Nhóm 1 = 0.5
8.1,7.5,Kế hoạch triển khai nhiệm vụ chính trị đột xuất do cấp trên giao,"Xây dựng kế hoạch triển khai nhiệm vụ chính trị đột xuất, chuyên đề được giao.",Kế hoạch,,Nhóm 2,1.5,8. Thực hiện nhiệm vụ chính trị được giao,hệ số 1.5 ≠ chuẩn Nhóm 2 = 1.2
8.2,9.1,"Báo cáo tuần, tháng, quý kết quả thực hiện nhiệm vụ chính trị",Báo cáo định kỳ tuần/tháng/quý kết quả thực hiện nhiệm vụ được giao.,Báo cáo,,Nhóm 1,1,8. Thực hiện nhiệm vụ chính trị được giao,hệ số 1 ≠ chuẩn Nhóm 1 = 0.5
8.3,7.4,"Kế hoạch triển khai các nhiệm vụ chuyên môn, nghiệp vụ khác","Kế hoạch triển khai các nhiệm vụ chuyên môn, nghiệp vụ khác phát sinh trong quá trình thực hiện",Kế hoạch,,Nhóm 1,1,8. Thực hiện nhiệm vụ chính trị được giao,hệ số 1 ≠ chuẩn Nhóm 1 = 0.5
8.4,3.2,Công văn ra ngoài Trường báo cáo tình hình thực hiện nhiệm vụ đột xuất,"Báo cáo nhanh tình hình, kết quả thực hiện nhiệm vụ đột xuất theo yêu cầu cấp trên.",Công văn,,Nhóm 1,1,8. Thực hiện nhiệm vụ chính trị được giao,hệ số 1 ≠ chuẩn Nhóm 1 = 0.5
8.5,16,"Kế hoạch công tác cá nhân theo năm học, quý","Xây dựng kế hoạch công tác cá nhân theo năm học, quý làm cơ sở giao việc, đánh giá.",Kế hoạch,,Nhóm 1,1,8. Thực hiện nhiệm vụ chính trị được giao,hệ số 1 ≠ chuẩn Nhóm 1 = 0.5
8.6,16,"Họp, sinh hoạt chuyên đề, trao đổi chuyên môn nghiệp vụ các cấp","Tham gia các cuộc họp, sinh hoạt chuyên đề, trao đổi nghiệp vụ do Trường, đơn vị tổ chức.",Cuộc họp,,Nhóm 1,0.5,8. Thực hiện nhiệm vụ chính trị được giao,
8.7,16,"Học tập, bồi dưỡng nội dung liên quan nhiệm vụ được giao","Tham gia các lớp học tập, bồi dưỡng chuyên môn, nghiệp vụ, lý luận chính trị.",Chứng chỉ/Chứng nhận hoàn thành,,Nhóm 1,1,8. Thực hiện nhiệm vụ chính trị được giao,hệ số 1 ≠ chuẩn Nhóm 1 = 0.5
8.8,17,"Đưa đón lãnh đạo, cán bộ, công chức, người học","Thực hiện nhiệm vụ đưa đón lãnh đạo, cán bộ, công chức, người học phục vụ công tác.",Lượt/Chuyến,,Nhóm 1,1,8. Thực hiện nhiệm vụ chính trị được giao,hệ số 1 ≠ chuẩn Nhóm 1 = 0.5
8.9,17,"Phối hợp tổ chức hoạt động huấn luyện an toàn, vệ sinh lao động","Phối hợp, tham mưu tổ chức lớp huấn luyện an toàn, vệ sinh lao động.","Kế hoạch, Hợp đồng, Báo cáo",,Nhóm 2,1.5,8. Thực hiện nhiệm vụ chính trị được giao,hệ số 1.5 ≠ chuẩn Nhóm 2 = 1.2
8.10,17,"Chuẩn bị hội trường, cơ sở vật chất phục vụ hội nghị","Chuẩn bị hội trường, âm thanh, trang thiết bị phục vụ hội nghị, sự kiện của Trường.",Theo kế hoạch,,Nhóm 1,0.5,8. Thực hiện nhiệm vụ chính trị được giao,
8.11,17,"Vệ sinh, dọn dẹp phòng làm việc, hội trường phục vụ hoạt động chung","Vệ sinh, dọn dẹp phòng làm việc, hội trường phục vụ hoạt động thường xuyên, sự kiện của Trường.",Lượt/Công việc,,Nhóm 1,0.5,8. Thực hiện nhiệm vụ chính trị được giao,
8.12,4,"Thông báo kết luận các cuộc họp định kỳ, chuyên đề","Thông báo kết luận các cuộc họp giao ban tuần, sinh hoạt chuyên đề,…",Thông báo,,Nhóm 1,1,8. Thực hiện nhiệm vụ chính trị được giao,hệ số 1 ≠ chuẩn Nhóm 1 = 0.5
8.13,7.4,"Kế hoạch trang bị bổ sung sách, tài liệu tham khảo","Ra thông báo rà soát, thu thập thông tin, tham mưu ban hành kế hoạch trang bị sách, tài liệu tham khảo",Kế hoạch,,Nhóm 1,1,8. Thực hiện nhiệm vụ chính trị được giao,hệ số 1 ≠ chuẩn Nhóm 1 = 0.5
8.14,17,Thực hiện nghiệp vụ thư viện trên phần mềm,,Dữ liệu,,Nhóm 1,1,8. Thực hiện nhiệm vụ chính trị được giao,hệ số 1 ≠ chuẩn Nhóm 1 = 0.5
8.15,17,Phục vụ bạn đọc,,Lượt,,Nhóm 1,1,8. Thực hiện nhiệm vụ chính trị được giao,hệ số 1 ≠ chuẩn Nhóm 1 = 0.5
8.16,17,Sắp xếp kho sách,,Công việc,,Nhóm 1,1,8. Thực hiện nhiệm vụ chính trị được giao,hệ số 1 ≠ chuẩn Nhóm 1 = 0.5
8.17,17,"Biên mục sách, tài liệu tham khảo","Gán nhãn, mã, phân loại sách, tài liệu tham khảo",Cuốn,,Nhóm 1,1,8. Thực hiện nhiệm vụ chính trị được giao,hệ số 1 ≠ chuẩn Nhóm 1 = 0.5
8.18,7.4,Kế hoạch liên quan hoạt động thư viện,"Ngày văn hóa đọc,..",Kế hoạch,,Nhóm 1,1,8. Thực hiện nhiệm vụ chính trị được giao,hệ số 1 ≠ chuẩn Nhóm 1 = 0.5
8.19,9.2,Báo cáo kết quả hoạt động thư viện hằng năm,,Báo cáo,,Nhóm 1,1,8. Thực hiện nhiệm vụ chính trị được giao,hệ số 1 ≠ chuẩn Nhóm 1 = 0.5
8.20,17,Quản lý tài sản thư viện,,Công việc,,Nhóm 1,1,8. Thực hiện nhiệm vụ chính trị được giao,hệ số 1 ≠ chuẩn Nhóm 1 = 0.5
8.21,17,Thực hiện các nghiệp vụ khác tại thư viên,"Kiểm kê, bảo quản tài liệu, sách, thu hồi sách, thanh lọc sách,…",Công việc,,Nhóm 1,1,8. Thực hiện nhiệm vụ chính trị được giao,hệ số 1 ≠ chuẩn Nhóm 1 = 0.5
9.1,3,Quy chế tổ chức và hoạt động của Trường,"Xây dựng, sửa đổi Quy chế tổ chức và hoạt động của Trường.",Quy chế/Quy định,,Nhóm 2,2,9. Xây dựng và hoàn thiện thể chế,hệ số 2 ≠ chuẩn Nhóm 2 = 1.2
9.2,3,Quy định nội bộ chuyên đề,Xây dựng quy định nội bộ cụ thể hóa quy định của cấp trên theo từng lĩnh vực.,Quy chế/Quy định,,Nhóm 2,2,9. Xây dựng và hoàn thiện thể chế,hệ số 2 ≠ chuẩn Nhóm 2 = 1.2
9.3,5,Hướng dẫn quy trình xử lý công việc nội bộ,"Xây dựng, chuẩn hóa quy trình xử lý công việc, quy trình ISO nội bộ.",Hướng dẫn,,Nhóm 2,1.2,9. Xây dựng và hoàn thiện thể chế,
9.4,3.2,Công văn ra ngoài Trường góp ý dự thảo văn bản của cấp trên,"Nghiên cứu, tổng hợp ý kiến góp ý dự thảo văn bản quy phạm, văn bản quản lý.",Công văn,,Nhóm 1,1,9. Xây dựng và hoàn thiện thể chế,hệ số 1 ≠ chuẩn Nhóm 1 = 0.5
9.5,3,"Quy chế, Quy định liên quan xây dựng và hoàn thiện thể chế","Ban hành, sửa đổi quy chế, quy định nội bộ liên quan xây dựng và hoàn thiện thể chế.",Quy chế/Quy định,,Nhóm 2,2,9. Xây dựng và hoàn thiện thể chế,hệ số 2 ≠ chuẩn Nhóm 2 = 1.2
9.6,5,Hướng dẫn liên quan xây dựng và hoàn thiện thể chế,"Hướng dẫn nghiệp vụ, chỉ dẫn cách thức thực hiện liên quan xây dựng và hoàn thiện thể chế.",Hướng dẫn,,Nhóm 2,1.2,9. Xây dựng và hoàn thiện thể chế,
9.7,3.1,Công văn nội bộ Trường liên quan xây dựng và hoàn thiện thể chế,"Trao đổi, đề nghị, phối hợp giữa các đơn vị trong Trường liên quan xây dựng và hoàn thiện thể chế.",Công văn,,Nhóm 1,0.5,9. Xây dựng và hoàn thiện thể chế,
9.8,3.2,Công văn ra ngoài Trường liên quan xây dựng và hoàn thiện thể chế,"Trao đổi, báo cáo, đề nghị với cơ quan, đơn vị bên ngoài liên quan xây dựng và hoàn thiện thể chế.",Công văn,,Nhóm 1,0.5,9. Xây dựng và hoàn thiện thể chế,
9.9,9.4,"Báo cáo tiếp thu, giải trình liên quan xây dựng và hoàn thiện thể chế","Báo cáo tiếp thu, giải trình theo yêu cầu của cấp có thẩm quyền liên quan xây dựng và hoàn thiện thể chế.",Báo cáo,,Nhóm 1,0.5,9. Xây dựng và hoàn thiện thể chế,
10.1,7.1,"Chương trình, kế hoạch công tác tháng, quý của đơn vị",Xây dựng kế hoạch công tác của đơn vị theo từng kỳ.,Kế hoạch,,Nhóm 1,1,10. Quản trị tổ chức và điều hành,hệ số 1 ≠ chuẩn Nhóm 1 = 0.5
10.2,2,Quyết định phân công nhiệm vụ Lãnh đạo/viên chức,"Phân công, phân cấp nhiệm vụ cho Lãnh đạo, viên chức thuộc đơn vị.",Quyết định,,Nhóm 1,1,10. Quản trị tổ chức và điều hành,hệ số 1 ≠ chuẩn Nhóm 1 = 0.5
10.3,9.3,"Báo cáo giai đoạn công tác quản trị, điều hành (sơ kết, tổng kết)","Đánh giá kết quả điều phối, kiểm soát tiến độ công tác theo kỳ.",Báo cáo,,Nhóm 2,1.5,10. Quản trị tổ chức và điều hành,hệ số 1.5 ≠ chuẩn Nhóm 2 = 1.2
10.4,7.4,Kế hoạch triển khai cải tiến phương thức quản trị,"Đề xuất, triển khai cải tiến phương thức quản trị nội bộ.",Kế hoạch,,Nhóm 2,1.5,10. Quản trị tổ chức và điều hành,hệ số 1.5 ≠ chuẩn Nhóm 2 = 1.2
10.5,3,"Quy chế, Quy định liên quan quản trị tổ chức và điều hành","Ban hành, sửa đổi quy chế, quy định nội bộ liên quan quản trị tổ chức và điều hành.",Quy chế/Quy định,,Nhóm 2,2,10. Quản trị tổ chức và điều hành,hệ số 2 ≠ chuẩn Nhóm 2 = 1.2
10.6,5,Hướng dẫn liên quan quản trị tổ chức và điều hành,"Hướng dẫn nghiệp vụ, chỉ dẫn cách thức thực hiện liên quan quản trị tổ chức và điều hành.",Hướng dẫn,,Nhóm 2,1.2,10. Quản trị tổ chức và điều hành,
10.7,3.1,Công văn nội bộ Trường liên quan quản trị tổ chức và điều hành,"Trao đổi, đề nghị, phối hợp giữa các đơn vị trong Trường liên quan quản trị tổ chức và điều hành.",Công văn,,Nhóm 1,0.5,10. Quản trị tổ chức và điều hành,
10.8,3.2,Công văn ra ngoài Trường liên quan quản trị tổ chức và điều hành,"Trao đổi, báo cáo, đề nghị với cơ quan, đơn vị bên ngoài liên quan quản trị tổ chức và điều hành.",Công văn,,Nhóm 1,0.5,10. Quản trị tổ chức và điều hành,
10.9,9.4,"Báo cáo tiếp thu, giải trình liên quan quản trị tổ chức và điều hành","Báo cáo tiếp thu, giải trình theo yêu cầu của cấp có thẩm quyền liên quan quản trị tổ chức và điều hành.",Báo cáo,,Nhóm 1,0.5,10. Quản trị tổ chức và điều hành,
10.10,18,"Chuyển văn bản, phân công nhiệm vụ xử lý công việc hằng ngày","Chuyển văn bản đến, phân công nhiệm vụ xử lý cho viên chức thuộc quyền quản lý.",Văn bản,,Nhóm 1,0.3,10. Quản trị tổ chức và điều hành,hệ số 0.3 ≠ chuẩn Nhóm 1 = 0.5
11.1,7.2,"Chương trình, kế hoạch cải cách hành chính hằng năm",Xây dựng kế hoạch cải cách hành chính của Trường theo năm.,Kế hoạch,,Nhóm 2,1.5,11. Cải cách hành chính,hệ số 1.5 ≠ chuẩn Nhóm 2 = 1.2
11.2,9.1,Báo cáo quý kết quả cải cách hành chính,Báo cáo kết quả thực hiện cải cách hành chính theo quý/năm.,Báo cáo,,Nhóm 1,1,11. Cải cách hành chính,hệ số 1 ≠ chuẩn Nhóm 1 = 0.5
11.3,5,Hướng dẫn quy trình giải quyết thủ tục hành chính nội bộ,"Chuẩn hóa, đơn giản hóa quy trình giải quyết thủ tục hành chính nội bộ.",Hướng dẫn,,Nhóm 2,1.2,11. Cải cách hành chính,
11.4,3,"Quy chế, Quy định liên quan cải cách hành chính","Ban hành, sửa đổi quy chế, quy định nội bộ liên quan cải cách hành chính.",Quy chế/Quy định,,Nhóm 2,2,11. Cải cách hành chính,hệ số 2 ≠ chuẩn Nhóm 2 = 1.2
11.5,5,Hướng dẫn liên quan cải cách hành chính,"Hướng dẫn nghiệp vụ, chỉ dẫn cách thức thực hiện liên quan cải cách hành chính.",Hướng dẫn,,Nhóm 2,1.2,11. Cải cách hành chính,
11.6,3.1,Công văn nội bộ Trường liên quan cải cách hành chính,"Trao đổi, đề nghị, phối hợp giữa các đơn vị trong Trường liên quan cải cách hành chính.",Công văn,,Nhóm 1,0.5,11. Cải cách hành chính,
11.7,3.2,Công văn ra ngoài Trường liên quan cải cách hành chính,"Trao đổi, báo cáo, đề nghị với cơ quan, đơn vị bên ngoài liên quan cải cách hành chính.",Công văn,,Nhóm 1,0.5,11. Cải cách hành chính,
11.8,9.4,"Báo cáo tiếp thu, giải trình liên quan cải cách hành chính","Báo cáo tiếp thu, giải trình theo yêu cầu của cấp có thẩm quyền liên quan cải cách hành chính.",Báo cáo,,Nhóm 1,0.5,11. Cải cách hành chính,
12.1,7.2,"Chương trình, kế hoạch thanh tra, kiểm tra nội bộ năm","Xây dựng kế hoạch thanh tra, kiểm tra nội bộ hằng năm.",Kế hoạch,,Nhóm 2,1.5,"12. Pháp chế, thanh tra, kiểm tra và kiểm soát nội bộ",hệ số 1.5 ≠ chuẩn Nhóm 2 = 1.2
12.2,9.5,"Báo cáo kết quả thanh tra, kiểm tra nội bộ","Tổng hợp kết quả các cuộc thanh tra, kiểm tra theo kế hoạch.",Báo cáo,,Nhóm 2,1.5,"12. Pháp chế, thanh tra, kiểm tra và kiểm soát nội bộ",hệ số 1.5 ≠ chuẩn Nhóm 2 = 1.2
12.3,9.5,"Thông báo Kết luận thanh tra, kiểm tra","Ban hành kết luận thanh tra, kiểm tra sau khi kết thúc cuộc thanh tra.",Thông báo,,Nhóm 2,1.5,"12. Pháp chế, thanh tra, kiểm tra và kiểm soát nội bộ",hệ số 1.5 ≠ chuẩn Nhóm 2 = 1.2
12.4,2,"Quyết định giải quyết khiếu nại, tố cáo","Xem xét, ban hành quyết định giải quyết đơn khiếu nại, tố cáo.",Quyết định,,Nhóm 2,1.5,"12. Pháp chế, thanh tra, kiểm tra và kiểm soát nội bộ",hệ số 1.5 ≠ chuẩn Nhóm 2 = 1.2
12.5,3,"Quy chế, Quy định liên quan pháp chế, thanh tra, kiểm tra và kiểm soát nội bộ","Ban hành, sửa đổi quy chế, quy định nội bộ liên quan pháp chế, thanh tra, kiểm tra và kiểm soát nội bộ.",Quy chế/Quy định,,Nhóm 2,2,"12. Pháp chế, thanh tra, kiểm tra và kiểm soát nội bộ",hệ số 2 ≠ chuẩn Nhóm 2 = 1.2
12.6,5,"Hướng dẫn liên quan pháp chế, thanh tra, kiểm tra và kiểm soát nội bộ","Hướng dẫn nghiệp vụ, chỉ dẫn cách thức thực hiện liên quan pháp chế, thanh tra, kiểm tra và kiểm soát nội bộ.",Hướng dẫn,,Nhóm 2,1.2,"12. Pháp chế, thanh tra, kiểm tra và kiểm soát nội bộ",
12.7,3.1,"Công văn nội bộ Trường liên quan pháp chế, thanh tra, kiểm tra và kiểm soát nội bộ","Trao đổi, đề nghị, phối hợp giữa các đơn vị trong Trường liên quan pháp chế, thanh tra, kiểm tra và kiểm soát nội bộ.",Công văn,,Nhóm 1,0.5,"12. Pháp chế, thanh tra, kiểm tra và kiểm soát nội bộ",
12.8,3.2,"Công văn ra ngoài Trường liên quan pháp chế, thanh tra, kiểm tra và kiểm soát nội bộ","Trao đổi, báo cáo, đề nghị với cơ quan, đơn vị bên ngoài liên quan pháp chế, thanh tra, kiểm tra và kiểm soát nội bộ.",Công văn,,Nhóm 1,0.5,"12. Pháp chế, thanh tra, kiểm tra và kiểm soát nội bộ",
12.9,9.4,"Báo cáo tiếp thu, giải trình liên quan pháp chế, thanh tra, kiểm tra và kiểm soát nội bộ","Báo cáo tiếp thu, giải trình theo yêu cầu của cấp có thẩm quyền liên quan pháp chế, thanh tra, kiểm tra và kiểm soát nội bộ.",Báo cáo,,Nhóm 1,0.5,"12. Pháp chế, thanh tra, kiểm tra và kiểm soát nội bộ",
12.10,18,"Kiểm tra, trình Lãnh đạo Trường ký văn bản thuộc lĩnh vực phụ trách","Kiểm tra nội dung, thể thức, trình Lãnh đạo Trường ký ban hành văn bản thuộc lĩnh vực được giao phụ trách.",Văn bản,,Nhóm 1,0.5,"12. Pháp chế, thanh tra, kiểm tra và kiểm soát nội bộ",
13.1,3,"Quy định công tác văn thư, lưu trữ","Ban hành quy định về công tác văn thư, lưu trữ hồ sơ, tài liệu.",Quy chế/Quy định,,Nhóm 2,2,"13. Văn thư, lưu trữ, thống kê và quản trị dữ liệu",hệ số 2 ≠ chuẩn Nhóm 2 = 1.2
13.2,9.1,"Báo cáo thống kê tháng, quý",Tổng hợp báo cáo thống kê tháng/quý/năm theo yêu cầu quản lý.,Báo cáo,,Nhóm 1,1,"13. Văn thư, lưu trữ, thống kê và quản trị dữ liệu",hệ số 1 ≠ chuẩn Nhóm 1 = 0.5
13.3,7.4,"Kế hoạch triển khai số hóa hồ sơ, tài liệu lưu trữ","Xây dựng kế hoạch số hóa hồ sơ, tài liệu phục vụ quản trị dữ liệu.",Kế hoạch,,Nhóm 2,1.5,"13. Văn thư, lưu trữ, thống kê và quản trị dữ liệu",hệ số 1.5 ≠ chuẩn Nhóm 2 = 1.2
13.4,3,"Quy chế, Quy định liên quan văn thư, lưu trữ, thống kê và quản trị dữ liệu","Ban hành, sửa đổi quy chế, quy định nội bộ liên quan văn thư, lưu trữ, thống kê và quản trị dữ liệu.",Quy chế/Quy định,,Nhóm 2,2,"13. Văn thư, lưu trữ, thống kê và quản trị dữ liệu",hệ số 2 ≠ chuẩn Nhóm 2 = 1.2
13.5,5,"Hướng dẫn liên quan văn thư, lưu trữ, thống kê và quản trị dữ liệu","Hướng dẫn nghiệp vụ, chỉ dẫn cách thức thực hiện liên quan văn thư, lưu trữ, thống kê và quản trị dữ liệu.",Hướng dẫn,,Nhóm 2,1.2,"13. Văn thư, lưu trữ, thống kê và quản trị dữ liệu",
13.6,3.1,"Công văn nội bộ Trường liên quan văn thư, lưu trữ, thống kê và quản trị dữ liệu","Trao đổi, đề nghị, phối hợp giữa các đơn vị trong Trường liên quan văn thư, lưu trữ, thống kê và quản trị dữ liệu.",Công văn,,Nhóm 1,0.5,"13. Văn thư, lưu trữ, thống kê và quản trị dữ liệu",
13.7,3.2,"Công văn ra ngoài Trường liên quan văn thư, lưu trữ, thống kê và quản trị dữ liệu","Trao đổi, báo cáo, đề nghị với cơ quan, đơn vị bên ngoài liên quan văn thư, lưu trữ, thống kê và quản trị dữ liệu.",Công văn,,Nhóm 1,0.5,"13. Văn thư, lưu trữ, thống kê và quản trị dữ liệu",
13.8,9.4,"Báo cáo tiếp thu, giải trình liên quan văn thư, lưu trữ, thống kê và quản trị dữ liệu","Báo cáo tiếp thu, giải trình theo yêu cầu của cấp có thẩm quyền liên quan văn thư, lưu trữ, thống kê và quản trị dữ liệu.",Báo cáo,,Nhóm 1,0.5,"13. Văn thư, lưu trữ, thống kê và quản trị dữ liệu",
14.1,7.4,Kế hoạch triển khai công khai thông tin theo quy định,"Xây dựng kế hoạch công khai tổ chức bộ máy, tài chính, tuyển sinh, đào tạo.",Kế hoạch,,Nhóm 2,1.5,"14. Công khai, minh bạch và trách nhiệm giải trình",hệ số 1.5 ≠ chuẩn Nhóm 2 = 1.2
14.2,9.2,"Báo cáo năm công khai tài chính, tổ chức bộ máy","Báo cáo công khai theo quy định pháp luật về công khai, minh bạch.",Báo cáo,,Nhóm 1,1,"14. Công khai, minh bạch và trách nhiệm giải trình",hệ số 1 ≠ chuẩn Nhóm 1 = 0.5
14.3,3.2,"Công văn ra ngoài Trường trả lời phản ánh, kiến nghị","Xử lý, phản hồi phản ánh, kiến nghị liên quan hoạt động của Trường.",Công văn,,Nhóm 1,0.5,"14. Công khai, minh bạch và trách nhiệm giải trình",
14.4,3,"Quy chế, Quy định liên quan công khai, minh bạch và trách nhiệm giải trình","Ban hành, sửa đổi quy chế, quy định nội bộ liên quan công khai, minh bạch và trách nhiệm giải trình.",Quy chế/Quy định,,Nhóm 2,2,"14. Công khai, minh bạch và trách nhiệm giải trình",hệ số 2 ≠ chuẩn Nhóm 2 = 1.2
14.5,5,"Hướng dẫn liên quan công khai, minh bạch và trách nhiệm giải trình","Hướng dẫn nghiệp vụ, chỉ dẫn cách thức thực hiện liên quan công khai, minh bạch và trách nhiệm giải trình.",Hướng dẫn,,Nhóm 2,1.2,"14. Công khai, minh bạch và trách nhiệm giải trình",
14.6,3.1,"Công văn nội bộ Trường liên quan công khai, minh bạch và trách nhiệm giải trình","Trao đổi, đề nghị, phối hợp giữa các đơn vị trong Trường liên quan công khai, minh bạch và trách nhiệm giải trình.",Công văn,,Nhóm 1,0.5,"14. Công khai, minh bạch và trách nhiệm giải trình",
14.7,3.2,"Công văn ra ngoài Trường liên quan công khai, minh bạch và trách nhiệm giải trình","Trao đổi, báo cáo, đề nghị với cơ quan, đơn vị bên ngoài liên quan công khai, minh bạch và trách nhiệm giải trình.",Công văn,,Nhóm 1,0.5,"14. Công khai, minh bạch và trách nhiệm giải trình",
14.8,9.4,"Báo cáo tiếp thu, giải trình liên quan công khai, minh bạch và trách nhiệm giải trình","Báo cáo tiếp thu, giải trình theo yêu cầu của cấp có thẩm quyền liên quan công khai, minh bạch và trách nhiệm giải trình.",Báo cáo,,Nhóm 1,1,"14. Công khai, minh bạch và trách nhiệm giải trình",hệ số 1 ≠ chuẩn Nhóm 1 = 0.5
15.1,7.2,"Chương trình, kế hoạch khoa học công nghệ năm",Xây dựng kế hoạch hoạt động khoa học công nghệ của Trường theo năm.,Kế hoạch,,Nhóm 2,1.5,15. Phát triển khoa học và công nghệ,hệ số 1.5 ≠ chuẩn Nhóm 2 = 1.2
15.2,9.1,Báo cáo quý kết quả hoạt động khoa học công nghệ,"Tổng hợp, báo cáo kết quả hoạt động khoa học công nghệ định kỳ.",Báo cáo,x,Nhóm 1,1,15. Phát triển khoa học và công nghệ,hệ số 1 ≠ chuẩn Nhóm 1 = 0.5
15.3,3,"Quy chế, Quy định liên quan phát triển khoa học và công nghệ","Ban hành, sửa đổi quy chế, quy định nội bộ liên quan phát triển khoa học và công nghệ.",Quy chế/Quy định,,Nhóm 2,2,15. Phát triển khoa học và công nghệ,hệ số 2 ≠ chuẩn Nhóm 2 = 1.2
15.4,5,Hướng dẫn liên quan phát triển khoa học và công nghệ,"Hướng dẫn nghiệp vụ, chỉ dẫn cách thức thực hiện liên quan phát triển khoa học và công nghệ.",Hướng dẫn,,Nhóm 2,1.2,15. Phát triển khoa học và công nghệ,
15.5,3.1,Công văn nội bộ Trường liên quan phát triển khoa học và công nghệ,"Trao đổi, đề nghị, phối hợp giữa các đơn vị trong Trường liên quan phát triển khoa học và công nghệ.",Công văn,,Nhóm 1,0.5,15. Phát triển khoa học và công nghệ,
15.6,3.2,Công văn ra ngoài Trường liên quan phát triển khoa học và công nghệ,"Trao đổi, báo cáo, đề nghị với cơ quan, đơn vị bên ngoài liên quan phát triển khoa học và công nghệ.",Công văn,,Nhóm 1,0.5,15. Phát triển khoa học và công nghệ,
15.7,9.4,"Báo cáo tiếp thu, giải trình liên quan phát triển khoa học và công nghệ","Báo cáo tiếp thu, giải trình theo yêu cầu của cấp có thẩm quyền liên quan phát triển khoa học và công nghệ.",Báo cáo,,Nhóm 1,0.5,15. Phát triển khoa học và công nghệ,
16.1,7.4,"Kế hoạch triển khai phong trào sáng kiến, cải tiến kỹ thuật","Xây dựng kế hoạch phát động, tổ chức phong trào sáng kiến, cải tiến.",Kế hoạch,,Nhóm 2,1.5,16. Đổi mới sáng tạo,hệ số 1.5 ≠ chuẩn Nhóm 2 = 1.2
16.2,9.2,"Báo cáo năm tổng hợp sáng kiến, cải tiến được công nhận","Tổng hợp, báo cáo kết quả công nhận sáng kiến, cải tiến kỹ thuật.",Báo cáo,,Nhóm 1,1,16. Đổi mới sáng tạo,hệ số 1 ≠ chuẩn Nhóm 1 = 0.5
16.3,3,"Quy chế, Quy định liên quan đổi mới sáng tạo","Ban hành, sửa đổi quy chế, quy định nội bộ liên quan đổi mới sáng tạo.",Quy chế/Quy định,,Nhóm 2,2,16. Đổi mới sáng tạo,hệ số 2 ≠ chuẩn Nhóm 2 = 1.2
16.4,5,Hướng dẫn liên quan đổi mới sáng tạo,"Hướng dẫn nghiệp vụ, chỉ dẫn cách thức thực hiện liên quan đổi mới sáng tạo.",Hướng dẫn,,Nhóm 2,1.2,16. Đổi mới sáng tạo,
16.5,3.1,Công văn nội bộ Trường liên quan đổi mới sáng tạo,"Trao đổi, đề nghị, phối hợp giữa các đơn vị trong Trường liên quan đổi mới sáng tạo.",Công văn,,Nhóm 1,0.5,16. Đổi mới sáng tạo,
16.6,3.2,Công văn ra ngoài Trường liên quan đổi mới sáng tạo,"Trao đổi, báo cáo, đề nghị với cơ quan, đơn vị bên ngoài liên quan đổi mới sáng tạo.",Công văn,,Nhóm 1,0.5,16. Đổi mới sáng tạo,
16.7,9.4,"Báo cáo tiếp thu, giải trình liên quan đổi mới sáng tạo","Báo cáo tiếp thu, giải trình theo yêu cầu của cấp có thẩm quyền liên quan đổi mới sáng tạo.",Báo cáo,,Nhóm 1,0.5,16. Đổi mới sáng tạo,
17.1,7.3,"Chương trình, kế hoạch giai đoạn chuyển đổi số của Trường","Xây dựng kế hoạch triển khai chuyển đổi số trong quản trị, đào tạo.",Kế hoạch,,Nhóm 2,1.5,17. Chuyển đổi số,hệ số 1.5 ≠ chuẩn Nhóm 2 = 1.2
17.2,8,Đề án chuyển đổi số,Xây dựng Đề án chuyển đổi số trình cấp có thẩm quyền phê duyệt.,Đề án,,Nhóm 5,4.5,17. Chuyển đổi số,
17.3,9.2,Báo cáo năm đánh giá mức độ chuyển đổi số,"Đánh giá, báo cáo mức độ hoàn thành lộ trình chuyển đổi số.",Báo cáo,,Nhóm 2,1.5,17. Chuyển đổi số,hệ số 1.5 ≠ chuẩn Nhóm 2 = 1.2
17.4,3,"Quy chế, Quy định liên quan chuyển đổi số","Ban hành, sửa đổi quy chế, quy định nội bộ liên quan chuyển đổi số.",Quy chế/Quy định,,Nhóm 2,2,17. Chuyển đổi số,hệ số 2 ≠ chuẩn Nhóm 2 = 1.2
17.5,5,Hướng dẫn liên quan chuyển đổi số,"Hướng dẫn nghiệp vụ, chỉ dẫn cách thức thực hiện liên quan chuyển đổi số.",Hướng dẫn,,Nhóm 2,1.2,17. Chuyển đổi số,
17.6,3.1,Công văn nội bộ Trường liên quan chuyển đổi số,"Trao đổi, đề nghị, phối hợp giữa các đơn vị trong Trường liên quan chuyển đổi số.",Công văn,,Nhóm 1,0.5,17. Chuyển đổi số,
17.7,3.2,Công văn ra ngoài Trường liên quan chuyển đổi số,"Trao đổi, báo cáo, đề nghị với cơ quan, đơn vị bên ngoài liên quan chuyển đổi số.",Công văn,,Nhóm 1,0.5,17. Chuyển đổi số,
17.8,9.4,"Báo cáo tiếp thu, giải trình liên quan chuyển đổi số","Báo cáo tiếp thu, giải trình theo yêu cầu của cấp có thẩm quyền liên quan chuyển đổi số.",Báo cáo,,Nhóm 1,0.5,17. Chuyển đổi số,
18.1,7.3,"Chương trình, kế hoạch giai đoạn đầu tư, nâng cấp hạ tầng công nghệ thông tin","Xây dựng kế hoạch đầu tư, nâng cấp hạ tầng, phần mềm dùng chung.",Kế hoạch,,Nhóm 2,1.5,"18. Hạ tầng số, dữ liệu số và nền tảng số",hệ số 1.5 ≠ chuẩn Nhóm 2 = 1.2
18.2,3,"Quy định quản lý, sử dụng hệ thống công nghệ thông tin dùng chung","Ban hành quy định quản lý, khai thác hệ thống CNTT, dữ liệu dùng chung.",Quy chế/Quy định,,Nhóm 2,2,"18. Hạ tầng số, dữ liệu số và nền tảng số",hệ số 2 ≠ chuẩn Nhóm 2 = 1.2
18.3,3,"Quy chế, Quy định liên quan hạ tầng số, dữ liệu số và nền tảng số","Ban hành, sửa đổi quy chế, quy định nội bộ liên quan hạ tầng số, dữ liệu số và nền tảng số.",Quy chế/Quy định,,Nhóm 2,2,"18. Hạ tầng số, dữ liệu số và nền tảng số",hệ số 2 ≠ chuẩn Nhóm 2 = 1.2
18.4,5,"Hướng dẫn liên quan hạ tầng số, dữ liệu số và nền tảng số","Hướng dẫn nghiệp vụ, chỉ dẫn cách thức thực hiện liên quan hạ tầng số, dữ liệu số và nền tảng số.",Hướng dẫn,,Nhóm 2,1.2,"18. Hạ tầng số, dữ liệu số và nền tảng số",
18.5,3.1,"Công văn nội bộ Trường liên quan hạ tầng số, dữ liệu số và nền tảng số","Trao đổi, đề nghị, phối hợp giữa các đơn vị trong Trường liên quan hạ tầng số, dữ liệu số và nền tảng số.",Công văn,,Nhóm 1,0.5,"18. Hạ tầng số, dữ liệu số và nền tảng số",
18.6,3.2,"Công văn ra ngoài Trường liên quan hạ tầng số, dữ liệu số và nền tảng số","Trao đổi, báo cáo, đề nghị với cơ quan, đơn vị bên ngoài liên quan hạ tầng số, dữ liệu số và nền tảng số.",Công văn,,Nhóm 1,0.5,"18. Hạ tầng số, dữ liệu số và nền tảng số",
18.7,9.4,"Báo cáo tiếp thu, giải trình liên quan hạ tầng số, dữ liệu số và nền tảng số","Báo cáo tiếp thu, giải trình theo yêu cầu của cấp có thẩm quyền liên quan hạ tầng số, dữ liệu số và nền tảng số.",Báo cáo,,Nhóm 1,0.5,"18. Hạ tầng số, dữ liệu số và nền tảng số",
19.1,7.2,"Kế hoạch bồi dưỡng năng lực số cho viên chức, người học",Xây dựng kế hoạch bồi dưỡng kỹ năng số hằng năm.,Kế hoạch,,Nhóm 1,1,19. Phát triển nguồn nhân lực số và bảo đảm an toàn thông tin,hệ số 1 ≠ chuẩn Nhóm 1 = 0.5
19.2,2,"Quyết định cấp giấy chứng nhận bồi dưỡng cho viên chức, người học","Quyết định kèm theo danh sách, giấy chứng nhận hoàn thành khóa bồi dưỡng năng lực số, AI và các khóa bồi dưỡng khác liên quan hoạt động KHCN, ĐMST, CĐS`",Quyết định,,Nhóm 1,1,19. Phát triển nguồn nhân lực số và bảo đảm an toàn thông tin,hệ số 1 ≠ chuẩn Nhóm 1 = 0.5
19.3,8,Phương án ứng phó sự cố an toàn thông tin,"Xây dựng phương án phòng ngừa, ứng phó sự cố an toàn thông tin, an ninh mạng (khía cạnh kỹ thuật).",Phương án,,Nhóm 2,1.5,19. Phát triển nguồn nhân lực số và bảo đảm an toàn thông tin,hệ số 1.5 ≠ chuẩn Nhóm 2 = 1.2
19.4,9.1,"Báo cáo tháng, quý tình hình an toàn thông tin, an ninh mạng","Báo cáo định kỳ về an toàn thông tin, bảo vệ dữ liệu số.",Báo cáo,,Nhóm 1,1,19. Phát triển nguồn nhân lực số và bảo đảm an toàn thông tin,hệ số 1 ≠ chuẩn Nhóm 1 = 0.5
19.5,3,"Quy chế, Quy định liên quan phát triển nguồn nhân lực số và bảo đảm an toàn thông tin","Ban hành, sửa đổi quy chế, quy định nội bộ liên quan phát triển nguồn nhân lực số và bảo đảm an toàn thông tin.",Quy chế/Quy định,,Nhóm 2,2,19. Phát triển nguồn nhân lực số và bảo đảm an toàn thông tin,hệ số 2 ≠ chuẩn Nhóm 2 = 1.2
19.6,5,Hướng dẫn liên quan phát triển nguồn nhân lực số và bảo đảm an toàn thông tin,"Hướng dẫn nghiệp vụ, chỉ dẫn cách thức thực hiện liên quan phát triển nguồn nhân lực số và bảo đảm an toàn thông tin.",Hướng dẫn,,Nhóm 2,1.2,19. Phát triển nguồn nhân lực số và bảo đảm an toàn thông tin,
19.7,3.1,Công văn nội bộ Trường liên quan phát triển nguồn nhân lực số và bảo đảm an toàn thông tin,"Trao đổi, đề nghị, phối hợp giữa các đơn vị trong Trường liên quan phát triển nguồn nhân lực số và bảo đảm an toàn thông tin.",Công văn,,Nhóm 1,0.5,19. Phát triển nguồn nhân lực số và bảo đảm an toàn thông tin,
19.8,3.2,Công văn ra ngoài Trường liên quan phát triển nguồn nhân lực số và bảo đảm an toàn thông tin,"Trao đổi, báo cáo, đề nghị với cơ quan, đơn vị bên ngoài liên quan phát triển nguồn nhân lực số và bảo đảm an toàn thông tin.",Công văn,,Nhóm 1,0.5,19. Phát triển nguồn nhân lực số và bảo đảm an toàn thông tin,
19.9,9.4,"Báo cáo tiếp thu, giải trình liên quan phát triển nguồn nhân lực số và bảo đảm an toàn thông tin","Báo cáo tiếp thu, giải trình theo yêu cầu của cấp có thẩm quyền liên quan phát triển nguồn nhân lực số và bảo đảm an toàn thông tin.",Báo cáo,,Nhóm 1,0.5,19. Phát triển nguồn nhân lực số và bảo đảm an toàn thông tin,
20.1,12,Tờ trình đăng ký bảo hộ quyền sở hữu trí tuệ,"Đề xuất, hoàn thiện hồ sơ đăng ký bảo hộ sở hữu trí tuệ.",Tờ trình,,Nhóm 1,1,20. Sở hữu trí tuệ và khai thác tài sản trí tuệ,hệ số 1 ≠ chuẩn Nhóm 1 = 0.5
20.2,3,"Quy định quản lý, khai thác tài sản trí tuệ","Ban hành quy định quản lý, khai thác, chia sẻ lợi ích tài sản trí tuệ.",Quy chế/Quy định,,Nhóm 2,2,20. Sở hữu trí tuệ và khai thác tài sản trí tuệ,hệ số 2 ≠ chuẩn Nhóm 2 = 1.2
20.3,3,"Quy chế, Quy định liên quan sở hữu trí tuệ và khai thác tài sản trí tuệ","Ban hành, sửa đổi quy chế, quy định nội bộ liên quan sở hữu trí tuệ và khai thác tài sản trí tuệ.",Quy chế/Quy định,,Nhóm 2,2,20. Sở hữu trí tuệ và khai thác tài sản trí tuệ,hệ số 2 ≠ chuẩn Nhóm 2 = 1.2
20.4,5,Hướng dẫn liên quan sở hữu trí tuệ và khai thác tài sản trí tuệ,"Hướng dẫn nghiệp vụ, chỉ dẫn cách thức thực hiện liên quan sở hữu trí tuệ và khai thác tài sản trí tuệ.",Hướng dẫn,,Nhóm 2,1.2,20. Sở hữu trí tuệ và khai thác tài sản trí tuệ,
20.5,3.1,Công văn nội bộ Trường liên quan sở hữu trí tuệ và khai thác tài sản trí tuệ,"Trao đổi, đề nghị, phối hợp giữa các đơn vị trong Trường liên quan sở hữu trí tuệ và khai thác tài sản trí tuệ.",Công văn,,Nhóm 1,0.5,20. Sở hữu trí tuệ và khai thác tài sản trí tuệ,
20.6,3.2,Công văn ra ngoài Trường liên quan sở hữu trí tuệ và khai thác tài sản trí tuệ,"Trao đổi, báo cáo, đề nghị với cơ quan, đơn vị bên ngoài liên quan sở hữu trí tuệ và khai thác tài sản trí tuệ.",Công văn,,Nhóm 1,0.5,20. Sở hữu trí tuệ và khai thác tài sản trí tuệ,
20.7,9.4,"Báo cáo tiếp thu, giải trình liên quan sở hữu trí tuệ và khai thác tài sản trí tuệ","Báo cáo tiếp thu, giải trình theo yêu cầu của cấp có thẩm quyền liên quan sở hữu trí tuệ và khai thác tài sản trí tuệ.",Báo cáo,,Nhóm 1,0.5,20. Sở hữu trí tuệ và khai thác tài sản trí tuệ,
21.1,7.2,"Chương trình, kế hoạch giáo dục chính trị, tư tưởng năm","Xây dựng kế hoạch giáo dục chính trị, đạo đức, lối sống cho viên chức, người học.",Kế hoạch,x,Nhóm 2,1,"21. Công tác chính trị, tư tưởng",hệ số 1 ≠ chuẩn Nhóm 2 = 1.2
21.2,7.5,"Kế hoạch triển khai học tập, quán triệt Nghị quyết, Chỉ thị của Đảng","Xây dựng kế hoạch tổ chức học tập, quán triệt các Nghị quyết, Chỉ thị.",Kế hoạch,,Nhóm 1,1,"21. Công tác chính trị, tư tưởng",hệ số 1 ≠ chuẩn Nhóm 1 = 0.5
21.3,9.5,"Báo cáo kết quả học tập, quán triệt Nghị quyết","Báo cáo kết quả tổ chức học tập, quán triệt sau mỗi đợt.",Báo cáo,x,Nhóm 1,1,"21. Công tác chính trị, tư tưởng",hệ số 1 ≠ chuẩn Nhóm 1 = 0.5
21.4,9.1,"Báo cáo tháng, quý kết quả nắm bắt tư tưởng viên chức, học sinh sinh viên","Tổng hợp, báo cáo định kỳ tình hình tư tưởng viên chức, người học.",Báo cáo,,Nhóm 1,1,"21. Công tác chính trị, tư tưởng",hệ số 1 ≠ chuẩn Nhóm 1 = 0.5
21.5,3,"Quy chế, Quy định liên quan công tác chính trị, tư tưởng","Ban hành, sửa đổi quy chế, quy định nội bộ liên quan công tác chính trị, tư tưởng.",Quy chế/Quy định,,Nhóm 2,2,"21. Công tác chính trị, tư tưởng",hệ số 2 ≠ chuẩn Nhóm 2 = 1.2
21.6,5,"Hướng dẫn liên quan công tác chính trị, tư tưởng","Hướng dẫn nghiệp vụ, chỉ dẫn cách thức thực hiện liên quan công tác chính trị, tư tưởng.",Hướng dẫn,,Nhóm 2,1.2,"21. Công tác chính trị, tư tưởng",
21.7,3.1,"Công văn nội bộ Trường liên quan công tác chính trị, tư tưởng","Trao đổi, đề nghị, phối hợp giữa các đơn vị trong Trường liên quan công tác chính trị, tư tưởng.",Công văn,,Nhóm 1,0.5,"21. Công tác chính trị, tư tưởng",
21.8,3.2,"Công văn ra ngoài Trường liên quan công tác chính trị, tư tưởng","Trao đổi, báo cáo, đề nghị với cơ quan, đơn vị bên ngoài liên quan công tác chính trị, tư tưởng.",Công văn,,Nhóm 1,0.5,"21. Công tác chính trị, tư tưởng",
21.9,9.4,"Báo cáo tiếp thu, giải trình liên quan công tác chính trị, tư tưởng","Báo cáo tiếp thu, giải trình theo yêu cầu của cấp có thẩm quyền liên quan công tác chính trị, tư tưởng.",Báo cáo,,Nhóm 1,0.5,"21. Công tác chính trị, tư tưởng",
21.10,16,"Danh sách dự Hội nghị học tập, quán triệt, triển khai Nghị quyết","Lập danh sách, theo dõi việc tham gia học tập, quán triệt Nghị quyết của Đảng.",Danh sách tham gia,,Nhóm 1,0.5,"21. Công tác chính trị, tư tưởng",
22.1,9.1,"Báo cáo tháng, quý chất lượng sinh hoạt chi bộ","Tổng hợp, đánh giá chất lượng sinh hoạt chi bộ theo tháng/quý.",Báo cáo,,Nhóm 1,1,22. Công tác tổ chức Đảng và phát triển đảng viên,hệ số 1 ≠ chuẩn Nhóm 1 = 0.5
22.2,2,Quyết định kết nạp đảng viên/công nhận đảng viên chính thức,"Xem xét, ra quyết định kết nạp, công nhận đảng viên chính thức.",Quyết định,,Nhóm 1,1,22. Công tác tổ chức Đảng và phát triển đảng viên,hệ số 1 ≠ chuẩn Nhóm 1 = 0.5
22.3,9.2,"Báo cáo năm đánh giá, xếp loại tổ chức đảng, đảng viên","Tổng hợp kết quả đánh giá, xếp loại chất lượng tổ chức đảng, đảng viên.",Báo cáo,,Nhóm 2,1.5,22. Công tác tổ chức Đảng và phát triển đảng viên,hệ số 1.5 ≠ chuẩn Nhóm 2 = 1.2
22.4,3,"Quy chế, Quy định liên quan công tác tổ chức Đảng và phát triển đảng viên","Ban hành, sửa đổi quy chế, quy định nội bộ liên quan công tác tổ chức Đảng và phát triển đảng viên.",Quy chế/Quy định,,Nhóm 2,2,22. Công tác tổ chức Đảng và phát triển đảng viên,hệ số 2 ≠ chuẩn Nhóm 2 = 1.2
22.5,5,Hướng dẫn liên quan công tác tổ chức Đảng và phát triển đảng viên,"Hướng dẫn nghiệp vụ, chỉ dẫn cách thức thực hiện liên quan công tác tổ chức Đảng và phát triển đảng viên.",Hướng dẫn,,Nhóm 2,1.2,22. Công tác tổ chức Đảng và phát triển đảng viên,
22.6,3.1,Công văn nội bộ Trường liên quan công tác tổ chức Đảng và phát triển đảng viên,"Trao đổi, đề nghị, phối hợp giữa các đơn vị trong Trường liên quan công tác tổ chức Đảng và phát triển đảng viên.",Công văn,,Nhóm 1,0.5,22. Công tác tổ chức Đảng và phát triển đảng viên,
22.7,3.2,Công văn ra ngoài Trường liên quan công tác tổ chức Đảng và phát triển đảng viên,"Trao đổi, báo cáo, đề nghị với cơ quan, đơn vị bên ngoài liên quan công tác tổ chức Đảng và phát triển đảng viên.",Công văn,,Nhóm 1,0.5,22. Công tác tổ chức Đảng và phát triển đảng viên,
22.8,9.4,"Báo cáo tiếp thu, giải trình liên quan công tác tổ chức Đảng và phát triển đảng viên","Báo cáo tiếp thu, giải trình theo yêu cầu của cấp có thẩm quyền liên quan công tác tổ chức Đảng và phát triển đảng viên.",Báo cáo,,Nhóm 1,0.5,22. Công tác tổ chức Đảng và phát triển đảng viên,
23.1,8,Đề án vị trí việc làm,"Xây dựng, trình phê duyệt Đề án vị trí việc làm của Trường.",Đề án,,Nhóm 5,4.5,23. Công tác tổ chức cán bộ,
23.2,7.3,"Chương trình, kế hoạch giai đoạn tuyển dụng viên chức",Xây dựng kế hoạch tuyển dụng viên chức theo chỉ tiêu biên chế được giao.,Kế hoạch,,Nhóm 2,1.5,23. Công tác tổ chức cán bộ,hệ số 1.5 ≠ chuẩn Nhóm 2 = 1.2
23.3,2,"Quyết định tuyển dụng, tiếp nhận viên chức","Ban hành quyết định tuyển dụng, tiếp nhận viên chức, người lao động.",Quyết định,,Nhóm 1,1,23. Công tác tổ chức cán bộ,hệ số 1 ≠ chuẩn Nhóm 1 = 0.5
23.4,7.5,"Kế hoạch triển khai công tác quy hoạch, bổ nhiệm cán bộ","Xây dựng kế hoạch quy hoạch, bổ nhiệm, bổ nhiệm lại cán bộ quản lý.",Kế hoạch,,Nhóm 2,1.5,23. Công tác tổ chức cán bộ,hệ số 1.5 ≠ chuẩn Nhóm 2 = 1.2
23.5,2,"Quyết định liên quan công tác bổ nhiệm, quy hoạch cán bộ","Ban hành quyết định bổ nhiệm, bổ nhiệm lại, phê duyệt quy hoạch cán bộ.",Quyết định,,Nhóm 1,1,23. Công tác tổ chức cán bộ,hệ số 1 ≠ chuẩn Nhóm 1 = 0.5
23.6,2,Quyết định nâng bậc lương thường xuyên,Ra quyết định nâng bậc lương thường xuyên cho viên chức theo quy định.,Quyết định,,Nhóm 1,0.5,23. Công tác tổ chức cán bộ,
23.7,7.2,"Chương trình, kế hoạch đào tạo, bồi dưỡng viên chức năm","Xây dựng kế hoạch đào tạo, bồi dưỡng chuyên môn, nghiệp vụ, lý luận chính trị.",Kế hoạch,,Nhóm 2,1.5,23. Công tác tổ chức cán bộ,hệ số 1.5 ≠ chuẩn Nhóm 2 = 1.2
23.8,9.2,"Báo cáo năm tổng hợp kết quả đánh giá, xếp loại chất lượng viên chức","Tổng hợp kết quả đánh giá, xếp loại chất lượng viên chức toàn Trường.",Báo cáo,,Nhóm 2,1.5,23. Công tác tổ chức cán bộ,hệ số 1.5 ≠ chuẩn Nhóm 2 = 1.2
23.9,9.1,"Báo cáo tháng, quý công tác tổ chức cán bộ","Báo cáo định kỳ tháng/quý/năm về công tác tổ chức, cán bộ.",Báo cáo,,Nhóm 1,1,23. Công tác tổ chức cán bộ,hệ số 1 ≠ chuẩn Nhóm 1 = 0.5
23.10,3,"Quy chế, Quy định liên quan công tác tổ chức cán bộ","Ban hành, sửa đổi quy chế, quy định nội bộ liên quan công tác tổ chức cán bộ.",Quy chế/Quy định,,Nhóm 2,2,23. Công tác tổ chức cán bộ,hệ số 2 ≠ chuẩn Nhóm 2 = 1.2
23.11,5,Hướng dẫn liên quan công tác tổ chức cán bộ,"Hướng dẫn nghiệp vụ, chỉ dẫn cách thức thực hiện liên quan công tác tổ chức cán bộ.",Hướng dẫn,,Nhóm 2,1.2,23. Công tác tổ chức cán bộ,
23.12,3.1,Công văn nội bộ Trường liên quan công tác tổ chức cán bộ,"Trao đổi, đề nghị, phối hợp giữa các đơn vị trong Trường liên quan công tác tổ chức cán bộ.",Công văn,,Nhóm 1,0.5,23. Công tác tổ chức cán bộ,
23.13,3.2,Công văn ra ngoài Trường liên quan công tác tổ chức cán bộ,"Trao đổi, báo cáo, đề nghị với cơ quan, đơn vị bên ngoài liên quan công tác tổ chức cán bộ.",Công văn,,Nhóm 1,0.5,23. Công tác tổ chức cán bộ,
23.14,9.4,"Báo cáo tiếp thu, giải trình liên quan công tác tổ chức cán bộ","Báo cáo tiếp thu, giải trình theo yêu cầu của cấp có thẩm quyền liên quan công tác tổ chức cán bộ.",Báo cáo,,Nhóm 1,0.5,23. Công tác tổ chức cán bộ,
24.1,7.2,"Chương trình, kế hoạch kiểm tra, giám sát tổ chức đảng, đảng viên năm","Xây dựng kế hoạch kiểm tra, giám sát theo chương trình công tác năm.",Kế hoạch,,Nhóm 2,1.5,"24. Công tác kiểm tra, giám sát và kỷ luật",hệ số 1.5 ≠ chuẩn Nhóm 2 = 1.2
24.2,2,Quyết định thi hành kỷ luật đảng/hành chính,"Ra quyết định thi hành kỷ luật đối với tổ chức đảng, đảng viên, viên chức vi phạm.",Quyết định,,Nhóm 2,1.2,"24. Công tác kiểm tra, giám sát và kỷ luật",
24.3,9.5,"Báo cáo kết quả giải quyết đơn thư khiếu nại, tố cáo","Tổng hợp kết quả xử lý, giải quyết đơn thư trong nội bộ.",Báo cáo,,Nhóm 2,1.5,"24. Công tác kiểm tra, giám sát và kỷ luật",hệ số 1.5 ≠ chuẩn Nhóm 2 = 1.2
24.4,3,"Quy chế, Quy định liên quan công tác kiểm tra, giám sát và kỷ luật","Ban hành, sửa đổi quy chế, quy định nội bộ liên quan công tác kiểm tra, giám sát và kỷ luật.",Quy chế/Quy định,,Nhóm 2,2,"24. Công tác kiểm tra, giám sát và kỷ luật",hệ số 2 ≠ chuẩn Nhóm 2 = 1.2
24.5,5,"Hướng dẫn liên quan công tác kiểm tra, giám sát và kỷ luật","Hướng dẫn nghiệp vụ, chỉ dẫn cách thức thực hiện liên quan công tác kiểm tra, giám sát và kỷ luật.",Hướng dẫn,,Nhóm 2,1.2,"24. Công tác kiểm tra, giám sát và kỷ luật",
24.6,3.1,"Công văn nội bộ Trường liên quan công tác kiểm tra, giám sát và kỷ luật","Trao đổi, đề nghị, phối hợp giữa các đơn vị trong Trường liên quan công tác kiểm tra, giám sát và kỷ luật.",Công văn,,Nhóm 1,0.5,"24. Công tác kiểm tra, giám sát và kỷ luật",
24.7,3.2,"Công văn ra ngoài Trường liên quan công tác kiểm tra, giám sát và kỷ luật","Trao đổi, báo cáo, đề nghị với cơ quan, đơn vị bên ngoài liên quan công tác kiểm tra, giám sát và kỷ luật.",Công văn,,Nhóm 1,0.5,"24. Công tác kiểm tra, giám sát và kỷ luật",
24.8,9.4,"Báo cáo tiếp thu, giải trình liên quan công tác kiểm tra, giám sát và kỷ luật","Báo cáo tiếp thu, giải trình theo yêu cầu của cấp có thẩm quyền liên quan công tác kiểm tra, giám sát và kỷ luật.",Báo cáo,,Nhóm 1,0.5,"24. Công tác kiểm tra, giám sát và kỷ luật",
25.1,9.1,Báo cáo 6 tháng thực hiện quy chế dân chủ ở cơ sở,"Đánh giá kết quả thực hiện quy chế dân chủ ở cơ sở theo định kỳ 6 tháng, năm.",Báo cáo,x,Nhóm 1,1,25. Công tác dân vận và thực hiện dân chủ ở cơ sở,hệ số 1 ≠ chuẩn Nhóm 1 = 0.5
25.2,7.2,"Chương trình, kế hoạch tổ chức Hội nghị viên chức và người lao động năm","Xây dựng kế hoạch tổ chức Hội nghị viên chức, người lao động hằng năm.",Kế hoạch,,Nhóm 2,1.5,25. Công tác dân vận và thực hiện dân chủ ở cơ sở,hệ số 1.5 ≠ chuẩn Nhóm 2 = 1.2
25.3,1,Nghị quyết Hội nghị CBVC,Xây dựng nghị quyết HN CBVC hằng năm,Nghị quyết,,Nhóm 2,1.5,25. Công tác dân vận và thực hiện dân chủ ở cơ sở,hệ số 1.5 ≠ chuẩn Nhóm 2 = 1.2
25.4,10,Biên bản Hội nghị viên chức và người lao động,"Ghi nhận nội dung, kết quả Hội nghị viên chức và người lao động.",Biên bản,,Nhóm 1,0.5,25. Công tác dân vận và thực hiện dân chủ ở cơ sở,
25.5,9.4,"Báo cáo tiếp thu, giải trình kiến nghị qua đối thoại","Tổng hợp, báo cáo kết quả giải quyết kiến nghị của viên chức, người lao động.",Báo cáo,,Nhóm 1,0.5,25. Công tác dân vận và thực hiện dân chủ ở cơ sở,
25.6,3,"Quy chế, Quy định liên quan công tác dân vận và thực hiện dân chủ ở cơ sở","Ban hành, sửa đổi quy chế, quy định nội bộ liên quan công tác dân vận và thực hiện dân chủ ở cơ sở.",Quy chế/Quy định,,Nhóm 2,2,25. Công tác dân vận và thực hiện dân chủ ở cơ sở,hệ số 2 ≠ chuẩn Nhóm 2 = 1.2
25.7,5,Hướng dẫn liên quan công tác dân vận và thực hiện dân chủ ở cơ sở,"Hướng dẫn nghiệp vụ, chỉ dẫn cách thức thực hiện liên quan công tác dân vận và thực hiện dân chủ ở cơ sở.",Hướng dẫn,,Nhóm 2,1.2,25. Công tác dân vận và thực hiện dân chủ ở cơ sở,
25.8,3.1,Công văn nội bộ Trường liên quan công tác dân vận và thực hiện dân chủ ở cơ sở,"Trao đổi, đề nghị, phối hợp giữa các đơn vị trong Trường liên quan công tác dân vận và thực hiện dân chủ ở cơ sở.",Công văn,,Nhóm 1,0.5,25. Công tác dân vận và thực hiện dân chủ ở cơ sở,
25.9,3.2,Công văn ra ngoài Trường liên quan công tác dân vận và thực hiện dân chủ ở cơ sở,"Trao đổi, báo cáo, đề nghị với cơ quan, đơn vị bên ngoài liên quan công tác dân vận và thực hiện dân chủ ở cơ sở.",Công văn,,Nhóm 1,0.5,25. Công tác dân vận và thực hiện dân chủ ở cơ sở,
25.10,9.4,"Báo cáo tiếp thu, giải trình liên quan công tác dân vận và thực hiện dân chủ ở cơ sở","Báo cáo tiếp thu, giải trình theo yêu cầu của cấp có thẩm quyền liên quan công tác dân vận và thực hiện dân chủ ở cơ sở.",Báo cáo,,Nhóm 1,0.5,25. Công tác dân vận và thực hiện dân chủ ở cơ sở,
26.1,7.4,"Kế hoạch triển khai phối hợp hoạt động Công đoàn, Đoàn Thanh niên, Hội Sinh viên",Xây dựng kế hoạch phối hợp tổ chức hoạt động đoàn thể.,Kế hoạch,,Nhóm 1,1,26. Công tác đoàn thể,hệ số 1 ≠ chuẩn Nhóm 1 = 0.5
26.2,9.1,"Báo cáo tháng, quý kết quả hoạt động đoàn thể",Tổng hợp báo cáo kết quả hoạt động của các tổ chức đoàn thể.,Báo cáo,,Nhóm 1,1,26. Công tác đoàn thể,hệ số 1 ≠ chuẩn Nhóm 1 = 0.5
26.3,9.2,Báo cáo năm kết quả hoạt động đoàn thể,Tổng hợp báo cáo kết quả hoạt động của các tổ chức đoàn thể.,Báo cáo,,Nhóm 2,1.5,26. Công tác đoàn thể,hệ số 1.5 ≠ chuẩn Nhóm 2 = 1.2
26.4,9.3,Báo cáo giai đoạn kết quả hoạt động đoàn thể,"Tổng hợp báo cáo kết quả hoạt động của các tổ chức đoàn thể 3 năm, 5 năm, giai đoạn.",Báo cáo,,Nhóm 2,2,26. Công tác đoàn thể,hệ số 2 ≠ chuẩn Nhóm 2 = 1.2
26.5,3,"Quy chế, Quy định liên quan công tác đoàn thể","Ban hành, sửa đổi quy chế, quy định nội bộ liên quan công tác đoàn thể.",Quy chế/Quy định,,Nhóm 2,2,26. Công tác đoàn thể,hệ số 2 ≠ chuẩn Nhóm 2 = 1.2
26.6,5,Hướng dẫn liên quan công tác đoàn thể,"Hướng dẫn nghiệp vụ, chỉ dẫn cách thức thực hiện liên quan công tác đoàn thể.",Hướng dẫn,,Nhóm 2,1.2,26. Công tác đoàn thể,
26.7,3.1,Công văn nội bộ Trường liên quan công tác đoàn thể,"Trao đổi, đề nghị, phối hợp giữa các đơn vị trong Trường liên quan công tác đoàn thể.",Công văn,,Nhóm 1,0.5,26. Công tác đoàn thể,
26.8,3.2,Công văn ra ngoài Trường liên quan công tác đoàn thể,"Trao đổi, báo cáo, đề nghị với cơ quan, đơn vị bên ngoài liên quan công tác đoàn thể.",Công văn,,Nhóm 1,0.5,26. Công tác đoàn thể,
26.9,9.4,"Báo cáo tiếp thu, giải trình liên quan công tác đoàn thể","Báo cáo tiếp thu, giải trình theo yêu cầu của cấp có thẩm quyền liên quan công tác đoàn thể.",Báo cáo,,Nhóm 1,0.5,26. Công tác đoàn thể,
27.1,7.2,"Chương trình, kế hoạch phát động phong trào thi đua năm",Xây dựng kế hoạch phát động phong trào thi đua theo đợt/năm.,Kế hoạch,,Nhóm 2,1.5,"27. Thi đua, khen thưởng",hệ số 1.5 ≠ chuẩn Nhóm 2 = 1.2
27.2,2,"Quyết định khen thưởng tập thể, cá nhân","Ra quyết định khen thưởng tập thể, cá nhân theo thành tích, danh hiệu.",Quyết định,,Nhóm 1,0.5,"27. Thi đua, khen thưởng",
27.3,9.2,"Báo cáo năm tổng kết công tác thi đua, khen thưởng","Tổng kết, đánh giá kết quả phong trào thi đua, công tác khen thưởng năm.",Báo cáo,,Nhóm 2,1.5,"27. Thi đua, khen thưởng",hệ số 1.5 ≠ chuẩn Nhóm 2 = 1.2
27.4,3,"Quy chế, Quy định liên quan thi đua, khen thưởng","Ban hành, sửa đổi quy chế, quy định nội bộ liên quan thi đua, khen thưởng.",Quy chế/Quy định,,Nhóm 2,2,"27. Thi đua, khen thưởng",hệ số 2 ≠ chuẩn Nhóm 2 = 1.2
27.5,5,"Hướng dẫn liên quan thi đua, khen thưởng","Hướng dẫn nghiệp vụ, chỉ dẫn cách thức thực hiện liên quan thi đua, khen thưởng.",Hướng dẫn,,Nhóm 2,1.2,"27. Thi đua, khen thưởng",
27.6,3.1,"Công văn nội bộ Trường liên quan thi đua, khen thưởng","Trao đổi, đề nghị, phối hợp giữa các đơn vị trong Trường liên quan thi đua, khen thưởng.",Công văn,,Nhóm 1,0.5,"27. Thi đua, khen thưởng",
27.7,3.2,"Công văn ra ngoài Trường liên quan thi đua, khen thưởng","Trao đổi, báo cáo, đề nghị với cơ quan, đơn vị bên ngoài liên quan thi đua, khen thưởng.",Công văn,,Nhóm 1,0.5,"27. Thi đua, khen thưởng",
27.8,9.4,"Báo cáo tiếp thu, giải trình liên quan thi đua, khen thưởng","Báo cáo tiếp thu, giải trình theo yêu cầu của cấp có thẩm quyền liên quan thi đua, khen thưởng.",Báo cáo,,Nhóm 1,0.5,"27. Thi đua, khen thưởng",
28.1,7.2,"Chương trình, kế hoạch xây dựng văn hóa công sở, văn hóa học đường năm","Xây dựng kế hoạch triển khai văn hóa công sở, văn hóa học đường, quy tắc ứng xử.",Kế hoạch,,Nhóm 2,1.5,28. Xây dựng văn hóa và phát triển thương hiệu nhà trường,hệ số 1.5 ≠ chuẩn Nhóm 2 = 1.2
28.2,3,Quy tắc ứng xử của Trường,"Ban hành quy tắc ứng xử áp dụng cho viên chức, người học.",Quy chế/Quy định,,Nhóm 2,2,28. Xây dựng văn hóa và phát triển thương hiệu nhà trường,hệ số 2 ≠ chuẩn Nhóm 2 = 1.2
28.3,7.2,"Chương trình, kế hoạch truyền thông, quảng bá thương hiệu năm","Xây dựng kế hoạch truyền thông nội bộ, đối ngoại, quảng bá thương hiệu Trường.",Kế hoạch,,Nhóm 2,1.5,28. Xây dựng văn hóa và phát triển thương hiệu nhà trường,hệ số 1.5 ≠ chuẩn Nhóm 2 = 1.2
28.4,19,Sản phẩm truyền thông số,"xây dựng video, poster, inforgraphics,… đăng tải trên các kênh truyền thông hoặc trình chiếu tại hội nghị, hội trường",Video/Ấn phẩm truyền thông,,Nhóm 2,1.5,28. Xây dựng văn hóa và phát triển thương hiệu nhà trường,hệ số 1.5 ≠ chuẩn Nhóm 2 = 1.2
28.5,3,"Quy chế, Quy định liên quan xây dựng văn hóa và phát triển thương hiệu nhà trường","Ban hành, sửa đổi quy chế, quy định nội bộ liên quan xây dựng văn hóa và phát triển thương hiệu nhà trường.",Quy chế/Quy định,,Nhóm 2,2,28. Xây dựng văn hóa và phát triển thương hiệu nhà trường,hệ số 2 ≠ chuẩn Nhóm 2 = 1.2
28.6,5,Hướng dẫn liên quan xây dựng văn hóa và phát triển thương hiệu nhà trường,"Hướng dẫn nghiệp vụ, chỉ dẫn cách thức thực hiện liên quan xây dựng văn hóa và phát triển thương hiệu nhà trường.",Hướng dẫn,,Nhóm 2,1.2,28. Xây dựng văn hóa và phát triển thương hiệu nhà trường,
28.7,3.1,Công văn nội bộ Trường liên quan xây dựng văn hóa và phát triển thương hiệu nhà trường,"Trao đổi, đề nghị, phối hợp giữa các đơn vị trong Trường liên quan xây dựng văn hóa và phát triển thương hiệu nhà trường.",Công văn,,Nhóm 1,0.5,28. Xây dựng văn hóa và phát triển thương hiệu nhà trường,
28.8,3.2,Công văn ra ngoài Trường liên quan xây dựng văn hóa và phát triển thương hiệu nhà trường,"Trao đổi, báo cáo, đề nghị với cơ quan, đơn vị bên ngoài liên quan xây dựng văn hóa và phát triển thương hiệu nhà trường.",Công văn,,Nhóm 1,0.5,28. Xây dựng văn hóa và phát triển thương hiệu nhà trường,
28.9,9.4,"Báo cáo tiếp thu, giải trình liên quan xây dựng văn hóa và phát triển thương hiệu nhà trường","Báo cáo tiếp thu, giải trình theo yêu cầu của cấp có thẩm quyền liên quan xây dựng văn hóa và phát triển thương hiệu nhà trường.",Báo cáo,,Nhóm 1,0.5,28. Xây dựng văn hóa và phát triển thương hiệu nhà trường,
29.1,7.2,"Chương trình, kế hoạch công tác học sinh, sinh viên năm học",Xây dựng kế hoạch công tác quản lý HSSV theo năm học.,Kế hoạch,,Nhóm 2,1.5,29. Phát triển con người và quản lý người học,hệ số 1.5 ≠ chuẩn Nhóm 2 = 1.2
29.2,3,"Quy định, quy chế về công tác học sinh, sinh viên","Ban hành quy định quản lý HSSV (nội trú, ngoại trú, khen thưởng, kỷ luật,...).",Quy chế/Quy định,,Nhóm 2,2,29. Phát triển con người và quản lý người học,hệ số 2 ≠ chuẩn Nhóm 2 = 1.2
29.3,2,"Quyết định khen thưởng, kỷ luật học sinh, sinh viên",Ra quyết định khen thưởng hoặc kỷ luật HSSV theo quy định (kể cả cho thôi học theo nguyện vọng).,Quyết định,,Nhóm 1,0.5,29. Phát triển con người và quản lý người học,
29.4,7.2,"Chương trình, kế hoạch tư vấn tâm lý, hướng nghiệp, việc làm cho học sinh, sinh viên","Xây dựng kế hoạch tổ chức tư vấn học tập, tâm lý, hướng nghiệp, việc làm.",Kế hoạch,,Nhóm 2,1.5,29. Phát triển con người và quản lý người học,hệ số 1.5 ≠ chuẩn Nhóm 2 = 1.2
29.5,2,"Quyết định công nhận kết quả rèn luyện học kỳ, năm học","Tổng hợp, quyết định công nhận kết quả đánh giá rèn luyện HSSV theo học kỳ, năm học.",Quyết định,,Nhóm 1,0.5,29. Phát triển con người và quản lý người học,
29.6,10,Xét điểm rèn luyện cho sinh viên,,Biên bản/danh sách,,Nhóm 1,0.5,29. Phát triển con người và quản lý người học,
29.7,7.2,"Chương trình, kế hoạch thực hiện chế độ, chính sách đối với học sinh, sinh viên","Xây dựng kế hoạch triển khai chế độ, chính sách hỗ trợ người học.",Kế hoạch,,Nhóm 2,1.5,29. Phát triển con người và quản lý người học,hệ số 1.5 ≠ chuẩn Nhóm 2 = 1.2
29.8,2,"Đề xuất, quyết định công nhận SV được hưởng chế độ, chính sách",,Quyết định,,Nhóm 2,2,29. Phát triển con người và quản lý người học,hệ số 2 ≠ chuẩn Nhóm 2 = 1.2
29.9,7.4,Kế hoạch khám sức khỏe định kỳ cho người học,,Kế hoạch,,Nhóm 1,1,29. Phát triển con người và quản lý người học,hệ số 1 ≠ chuẩn Nhóm 1 = 0.5
29.10,3.1,Văn bản triển khai bảo hiểm y tế đối với người học,,Văn bản,,Nhóm 1,1,29. Phát triển con người và quản lý người học,hệ số 1 ≠ chuẩn Nhóm 1 = 0.5
29.11,16,Thực hiện nghiệp vụ y tế trên phần mềm,,Dữ liệu,,Nhóm 1,1,29. Phát triển con người và quản lý người học,hệ số 1 ≠ chuẩn Nhóm 1 = 0.5
29.12,16,"Theo dõi, giải trình hồ sơ, chi phí khám chữa bện y tế",,Sổ theo dõi,,Nhóm 1,1,29. Phát triển con người và quản lý người học,hệ số 1 ≠ chuẩn Nhóm 1 = 0.5
29.13,17,"Theo dõi, quản lý thuốc, vật tư ý tế, hóa chất",Thuộc phạm vu được giao,Sổ theo dõi,,Nhóm 1,1,29. Phát triển con người và quản lý người học,hệ số 1 ≠ chuẩn Nhóm 1 = 0.5
29.14,16,Thực hiện một số nghiệp vụ khác liên quan y tế,,Công việc,,Nhóm 1,1,29. Phát triển con người và quản lý người học,hệ số 1 ≠ chuẩn Nhóm 1 = 0.5
29.15,9.1,"Báo cáo tháng, quý công tác chăm sóc sức khỏe học đường","Tổng hợp, báo cáo kết quả công tác y tế, chăm sóc sức khỏe học đường theo tháng, quý.",Báo cáo,,Nhóm 1,0.5,29. Phát triển con người và quản lý người học,
29.16,9.2,Báo cáo năm công tác chăm sóc sức khỏe học đường,"Tổng hợp, báo cáo kết quả công tác y tế, chăm sóc sức khỏe học đường theo năm.",Báo cáo,,Nhóm 1,1,29. Phát triển con người và quản lý người học,hệ số 1 ≠ chuẩn Nhóm 1 = 0.5
29.17,3,"Quy chế, Quy định liên quan phát triển con người và quản lý người học","Ban hành, sửa đổi quy chế, quy định nội bộ liên quan phát triển con người và quản lý người học.",Quy chế/Quy định,,Nhóm 2,2,29. Phát triển con người và quản lý người học,hệ số 2 ≠ chuẩn Nhóm 2 = 1.2
29.18,8,Phương án triển khai hoạt động liên quan người học,"Phương án triển khai các hỏa động liên quan người học phát sinh trong quá trình lãnh đạo, chỉ đạo (Phương án bếp ăn, …)",Phương án,,Nhóm 2,2,29. Phát triển con người và quản lý người học,hệ số 2 ≠ chuẩn Nhóm 2 = 1.2
29.19,5,Hướng dẫn liên quan phát triển con người và quản lý người học,"Hướng dẫn nghiệp vụ, chỉ dẫn cách thức thực hiện liên quan phát triển con người và quản lý người học.",Hướng dẫn,,Nhóm 2,1.2,29. Phát triển con người và quản lý người học,
29.20,3.1,Công văn nội bộ Trường liên quan phát triển con người và quản lý người học,"Trao đổi, đề nghị, phối hợp giữa các đơn vị trong Trường liên quan phát triển con người và quản lý người học.",Công văn,,Nhóm 1,0.5,29. Phát triển con người và quản lý người học,
29.21,3.2,Công văn ra ngoài Trường liên quan phát triển con người và quản lý người học,"Trao đổi, báo cáo, đề nghị với cơ quan, đơn vị bên ngoài liên quan phát triển con người và quản lý người học.",Công văn,,Nhóm 1,0.5,29. Phát triển con người và quản lý người học,
29.22,9.4,"Báo cáo tiếp thu, giải trình liên quan phát triển con người và quản lý người học","Báo cáo tiếp thu, giải trình theo yêu cầu của cấp có thẩm quyền liên quan phát triển con người và quản lý người học.",Báo cáo,,Nhóm 1,50,29. Phát triển con người và quản lý người học,hệ số 50 ≠ chuẩn Nhóm 1 = 0.5
30.1,3,Quy chế chi tiêu nội bộ,"Xây dựng, sửa đổi Quy chế chi tiêu nội bộ của Trường.",Quy chế/Quy định,,Nhóm 2,2,30. Quản lý tài chính,hệ số 2 ≠ chuẩn Nhóm 2 = 1.2
30.2,7.2,"Chương trình, kế hoạch tài chính năm (dự toán)","Xây dựng kế hoạch, dự toán thu chi tài chính năm.",Kế hoạch,,Nhóm 2,1.5,30. Quản lý tài chính,hệ số 1.5 ≠ chuẩn Nhóm 2 = 1.2
30.3,9.2,Báo cáo năm quyết toán tài chính,"Lập, trình báo cáo quyết toán tài chính năm theo quy định.",Báo cáo,,Nhóm 2,1.5,30. Quản lý tài chính,hệ số 1.5 ≠ chuẩn Nhóm 2 = 1.2
30.4,9.1,Báo cáo quý công khai tài chính,Báo cáo công khai tình hình tài chính theo quy định.,Báo cáo,,Nhóm 1,1,30. Quản lý tài chính,hệ số 1 ≠ chuẩn Nhóm 1 = 0.5
30.5,3,"Quy chế, Quy định liên quan quản lý tài chính","Ban hành, sửa đổi quy chế, quy định nội bộ liên quan quản lý tài chính.",Quy chế/Quy định,,Nhóm 2,2,30. Quản lý tài chính,hệ số 2 ≠ chuẩn Nhóm 2 = 1.2
30.6,5,Hướng dẫn liên quan quản lý tài chính,"Hướng dẫn nghiệp vụ, chỉ dẫn cách thức thực hiện liên quan quản lý tài chính.",Hướng dẫn,,Nhóm 2,1.2,30. Quản lý tài chính,
30.7,3.1,Công văn nội bộ Trường liên quan quản lý tài chính,"Trao đổi, đề nghị, phối hợp giữa các đơn vị trong Trường liên quan quản lý tài chính.",Công văn,,Nhóm 1,0.5,30. Quản lý tài chính,
30.8,3.2,Công văn ra ngoài Trường liên quan quản lý tài chính,"Trao đổi, báo cáo, đề nghị với cơ quan, đơn vị bên ngoài liên quan quản lý tài chính.",Công văn,,Nhóm 1,0.5,30. Quản lý tài chính,
30.9,9.4,"Báo cáo tiếp thu, giải trình liên quan quản lý tài chính","Báo cáo tiếp thu, giải trình theo yêu cầu của cấp có thẩm quyền liên quan quản lý tài chính.",Báo cáo,,Nhóm 1,0.5,30. Quản lý tài chính,
31.1,7.2,"Chương trình, kế hoạch mua sắm, sửa chữa tài sản, trang thiết bị năm","Xây dựng kế hoạch mua sắm, bảo trì, sửa chữa tài sản, trang thiết bị hằng năm.",Kế hoạch,,Nhóm 2,1.5,"31. Quản lý tài sản, cơ sở vật chất",hệ số 1.5 ≠ chuẩn Nhóm 2 = 1.2
31.2,7.4,Kế hoạch kiểm kê tài sản,"Lập kế hoạch kiểm kê tài sản hằng năm, quyết định Tổ kiểm kê tài sản",Kế hoạch,x,Nhóm 1,1,"31. Quản lý tài sản, cơ sở vật chất",hệ số 1 ≠ chuẩn Nhóm 1 = 0.5
31.3,9.2,Báo cáo năm kiểm kê tài sản,"Tổ chức kiểm kê, báo cáo hiện trạng tài sản của Trường.",Báo cáo,,Nhóm 2,1.5,"31. Quản lý tài sản, cơ sở vật chất",hệ số 1.5 ≠ chuẩn Nhóm 2 = 1.2
31.4,2,Quyết định thanh lý tài sản,Ra quyết định thanh lý tài sản không còn nhu cầu sử dụng theo quy định.,Quyết định,,Nhóm 2,1.5,"31. Quản lý tài sản, cơ sở vật chất",hệ số 1.5 ≠ chuẩn Nhóm 2 = 1.2
31.5,3,"Quy chế, Quy định liên quan quản lý tài sản, cơ sở vật chất","Ban hành, sửa đổi quy chế, quy định nội bộ liên quan quản lý tài sản, cơ sở vật chất.",Quy chế/Quy định,,Nhóm 2,2,"31. Quản lý tài sản, cơ sở vật chất",hệ số 2 ≠ chuẩn Nhóm 2 = 1.2
31.6,5,"Hướng dẫn liên quan quản lý tài sản, cơ sở vật chất","Hướng dẫn nghiệp vụ, chỉ dẫn cách thức thực hiện liên quan quản lý tài sản, cơ sở vật chất.",Hướng dẫn,,Nhóm 2,1.2,"31. Quản lý tài sản, cơ sở vật chất",
31.7,3.1,"Công văn nội bộ Trường liên quan quản lý tài sản, cơ sở vật chất","Trao đổi, đề nghị, phối hợp giữa các đơn vị trong Trường liên quan quản lý tài sản, cơ sở vật chất.",Công văn,,Nhóm 1,0.5,"31. Quản lý tài sản, cơ sở vật chất",
31.8,3.2,"Công văn ra ngoài Trường liên quan quản lý tài sản, cơ sở vật chất","Trao đổi, báo cáo, đề nghị với cơ quan, đơn vị bên ngoài liên quan quản lý tài sản, cơ sở vật chất.",Công văn,,Nhóm 1,0.5,"31. Quản lý tài sản, cơ sở vật chất",
31.9,9.4,"Báo cáo tiếp thu, giải trình liên quan quản lý tài sản, cơ sở vật chất","Báo cáo tiếp thu, giải trình theo yêu cầu của cấp có thẩm quyền liên quan quản lý tài sản, cơ sở vật chất.",Báo cáo,,Nhóm 1,0.5,"31. Quản lý tài sản, cơ sở vật chất",
32.1,7.2,"Chương trình, kế hoạch huy động nguồn lực xã hội hóa, tài trợ năm","Xây dựng kế hoạch huy động nguồn lực hợp pháp, thu hút tài trợ.",Kế hoạch,,Nhóm 2,1.5,"32. Huy động, quản lý và sử dụng hiệu quả các nguồn lực",hệ số 1.5 ≠ chuẩn Nhóm 2 = 1.2
32.2,14,Bản thỏa thuận tiếp nhận tài trợ,"Ký kết thỏa thuận tiếp nhận tài trợ, viện trợ hợp pháp.",Bản ghi nhớ/Bản thỏa thuận,,Nhóm 2,1.5,"32. Huy động, quản lý và sử dụng hiệu quả các nguồn lực",hệ số 1.5 ≠ chuẩn Nhóm 2 = 1.2
32.3,3,"Quy chế, Quy định liên quan huy động, quản lý và sử dụng hiệu quả các nguồn lực","Ban hành, sửa đổi quy chế, quy định nội bộ liên quan huy động, quản lý và sử dụng hiệu quả các nguồn lực.",Quy chế/Quy định,,Nhóm 2,2,"32. Huy động, quản lý và sử dụng hiệu quả các nguồn lực",hệ số 2 ≠ chuẩn Nhóm 2 = 1.2
32.4,5,"Hướng dẫn liên quan huy động, quản lý và sử dụng hiệu quả các nguồn lực","Hướng dẫn nghiệp vụ, chỉ dẫn cách thức thực hiện liên quan huy động, quản lý và sử dụng hiệu quả các nguồn lực.",Hướng dẫn,,Nhóm 2,1.2,"32. Huy động, quản lý và sử dụng hiệu quả các nguồn lực",
32.5,3.1,"Công văn nội bộ Trường liên quan huy động, quản lý và sử dụng hiệu quả các nguồn lực","Trao đổi, đề nghị, phối hợp giữa các đơn vị trong Trường liên quan huy động, quản lý và sử dụng hiệu quả các nguồn lực.",Công văn,,Nhóm 1,0.5,"32. Huy động, quản lý và sử dụng hiệu quả các nguồn lực",
32.6,3.2,"Công văn ra ngoài Trường liên quan huy động, quản lý và sử dụng hiệu quả các nguồn lực","Trao đổi, báo cáo, đề nghị với cơ quan, đơn vị bên ngoài liên quan huy động, quản lý và sử dụng hiệu quả các nguồn lực.",Công văn,,Nhóm 1,0.5,"32. Huy động, quản lý và sử dụng hiệu quả các nguồn lực",
32.7,9.4,"Báo cáo tiếp thu, giải trình liên quan huy động, quản lý và sử dụng hiệu quả các nguồn lực","Báo cáo tiếp thu, giải trình theo yêu cầu của cấp có thẩm quyền liên quan huy động, quản lý và sử dụng hiệu quả các nguồn lực.",Báo cáo,,Nhóm 1,0.5,"32. Huy động, quản lý và sử dụng hiệu quả các nguồn lực",
33.1,7.4,Kế hoạch triển khai xây dựng trường học Xanh - Sạch - Đẹp,"Xây dựng kế hoạch triển khai mô hình trường học xanh, sạch, đẹp.",Kế hoạch,,Nhóm 1,1,33. Bảo vệ môi trường và phát triển bền vững,hệ số 1 ≠ chuẩn Nhóm 1 = 0.5
33.2,9.2,"Báo cáo năm kết quả tiết kiệm năng lượng, bảo vệ môi trường","Tổng hợp, báo cáo kết quả thực hiện các hoạt động bảo vệ môi trường.",Báo cáo,,Nhóm 2,1.5,33. Bảo vệ môi trường và phát triển bền vững,hệ số 1.5 ≠ chuẩn Nhóm 2 = 1.2
33.3,3,"Quy chế, Quy định liên quan bảo vệ môi trường và phát triển bền vững","Ban hành, sửa đổi quy chế, quy định nội bộ liên quan bảo vệ môi trường và phát triển bền vững.",Quy chế/Quy định,,Nhóm 2,2,33. Bảo vệ môi trường và phát triển bền vững,hệ số 2 ≠ chuẩn Nhóm 2 = 1.2
33.4,5,Hướng dẫn liên quan bảo vệ môi trường và phát triển bền vững,"Hướng dẫn nghiệp vụ, chỉ dẫn cách thức thực hiện liên quan bảo vệ môi trường và phát triển bền vững.",Hướng dẫn,,Nhóm 2,1.2,33. Bảo vệ môi trường và phát triển bền vững,
33.5,3.1,Công văn nội bộ Trường liên quan bảo vệ môi trường và phát triển bền vững,"Trao đổi, đề nghị, phối hợp giữa các đơn vị trong Trường liên quan bảo vệ môi trường và phát triển bền vững.",Công văn,,Nhóm 1,0.5,33. Bảo vệ môi trường và phát triển bền vững,
33.6,3.2,Công văn ra ngoài Trường liên quan bảo vệ môi trường và phát triển bền vững,"Trao đổi, báo cáo, đề nghị với cơ quan, đơn vị bên ngoài liên quan bảo vệ môi trường và phát triển bền vững.",Công văn,,Nhóm 1,0.5,33. Bảo vệ môi trường và phát triển bền vững,
33.7,9.4,"Báo cáo tiếp thu, giải trình liên quan bảo vệ môi trường và phát triển bền vững","Báo cáo tiếp thu, giải trình theo yêu cầu của cấp có thẩm quyền liên quan bảo vệ môi trường và phát triển bền vững.",Báo cáo,,Nhóm 1,0.5,33. Bảo vệ môi trường và phát triển bền vững,
34.1,7.4,"Kế hoạch triển khai tham gia hoạt động an sinh xã hội, tình nguyện","Xây dựng kế hoạch tham gia chương trình an sinh xã hội, tình nguyện.",Kế hoạch,,Nhóm 1,1,34. Thực hiện trách nhiệm xã hội và phục vụ cộng đồng,hệ số 1 ≠ chuẩn Nhóm 1 = 0.5
34.2,9.5,"Báo cáo kết quả hoạt động an sinh xã hội, phục vụ cộng đồng","Tổng hợp, báo cáo kết quả các hoạt động an sinh xã hội, phục vụ cộng đồng.",Báo cáo,,Nhóm 2,1.5,34. Thực hiện trách nhiệm xã hội và phục vụ cộng đồng,hệ số 1.5 ≠ chuẩn Nhóm 2 = 1.2
34.3,3,"Quy chế, Quy định liên quan thực hiện trách nhiệm xã hội và phục vụ cộng đồng","Ban hành, sửa đổi quy chế, quy định nội bộ liên quan thực hiện trách nhiệm xã hội và phục vụ cộng đồng.",Quy chế/Quy định,,Nhóm 2,2,34. Thực hiện trách nhiệm xã hội và phục vụ cộng đồng,hệ số 2 ≠ chuẩn Nhóm 2 = 1.2
34.4,5,Hướng dẫn liên quan thực hiện trách nhiệm xã hội và phục vụ cộng đồng,"Hướng dẫn nghiệp vụ, chỉ dẫn cách thức thực hiện liên quan thực hiện trách nhiệm xã hội và phục vụ cộng đồng.",Hướng dẫn,,Nhóm 2,1.2,34. Thực hiện trách nhiệm xã hội và phục vụ cộng đồng,
34.5,3.1,Công văn nội bộ Trường liên quan thực hiện trách nhiệm xã hội và phục vụ cộng đồng,"Trao đổi, đề nghị, phối hợp giữa các đơn vị trong Trường liên quan thực hiện trách nhiệm xã hội và phục vụ cộng đồng.",Công văn,,Nhóm 1,0.5,34. Thực hiện trách nhiệm xã hội và phục vụ cộng đồng,
34.6,3.2,Công văn ra ngoài Trường liên quan thực hiện trách nhiệm xã hội và phục vụ cộng đồng,"Trao đổi, báo cáo, đề nghị với cơ quan, đơn vị bên ngoài liên quan thực hiện trách nhiệm xã hội và phục vụ cộng đồng.",Công văn,,Nhóm 1,0.5,34. Thực hiện trách nhiệm xã hội và phục vụ cộng đồng,
34.7,9.4,"Báo cáo tiếp thu, giải trình liên quan thực hiện trách nhiệm xã hội và phục vụ cộng đồng","Báo cáo tiếp thu, giải trình theo yêu cầu của cấp có thẩm quyền liên quan thực hiện trách nhiệm xã hội và phục vụ cộng đồng.",Báo cáo,,Nhóm 1,0.5,34. Thực hiện trách nhiệm xã hội và phục vụ cộng đồng,
35.1,7.2,"Chương trình, kế hoạch công tác quốc phòng, quân sự địa phương năm","Xây dựng kế hoạch công tác quốc phòng, quân sự, giáo dục quốc phòng - an ninh năm.",Kế hoạch,,Nhóm 2,1.5,"35. Quốc phòng và giáo dục quốc phòng, an ninh",hệ số 1.5 ≠ chuẩn Nhóm 2 = 1.2
35.2,9.2,"Báo cáo năm kết quả công tác giáo dục quốc phòng, an ninh","Tổng hợp, báo cáo kết quả thực hiện công tác quốc phòng, an ninh.",Báo cáo,,Nhóm 2,1.5,"35. Quốc phòng và giáo dục quốc phòng, an ninh",hệ số 1.5 ≠ chuẩn Nhóm 2 = 1.2
35.3,3,"Quy chế, Quy định liên quan quốc phòng và giáo dục quốc phòng, an ninh","Ban hành, sửa đổi quy chế, quy định nội bộ liên quan quốc phòng và giáo dục quốc phòng, an ninh.",Quy chế/Quy định,,Nhóm 2,2,"35. Quốc phòng và giáo dục quốc phòng, an ninh",hệ số 2 ≠ chuẩn Nhóm 2 = 1.2
35.4,5,"Hướng dẫn liên quan quốc phòng và giáo dục quốc phòng, an ninh","Hướng dẫn nghiệp vụ, chỉ dẫn cách thức thực hiện liên quan quốc phòng và giáo dục quốc phòng, an ninh.",Hướng dẫn,,Nhóm 2,1.2,"35. Quốc phòng và giáo dục quốc phòng, an ninh",
35.5,3.1,"Công văn nội bộ Trường liên quan quốc phòng và giáo dục quốc phòng, an ninh","Trao đổi, đề nghị, phối hợp giữa các đơn vị trong Trường liên quan quốc phòng và giáo dục quốc phòng, an ninh.",Công văn,,Nhóm 1,0.5,"35. Quốc phòng và giáo dục quốc phòng, an ninh",
35.6,3.2,"Công văn ra ngoài Trường liên quan quốc phòng và giáo dục quốc phòng, an ninh","Trao đổi, báo cáo, đề nghị với cơ quan, đơn vị bên ngoài liên quan quốc phòng và giáo dục quốc phòng, an ninh.",Công văn,,Nhóm 1,0.5,"35. Quốc phòng và giáo dục quốc phòng, an ninh",
35.7,9.4,"Báo cáo tiếp thu, giải trình liên quan quốc phòng và giáo dục quốc phòng, an ninh","Báo cáo tiếp thu, giải trình theo yêu cầu của cấp có thẩm quyền liên quan quốc phòng và giáo dục quốc phòng, an ninh.",Báo cáo,,Nhóm 1,0.5,"35. Quốc phòng và giáo dục quốc phòng, an ninh",
36.1,8,"Phương án bảo vệ an ninh trật tự, phòng cháy chữa cháy","Xây dựng phương án bảo vệ an ninh, an toàn, phòng cháy chữa cháy của Trường.",Phương án,,Nhóm 2,2,"36. Bảo đảm an ninh, an toàn và bảo vệ nhà trường",hệ số 2 ≠ chuẩn Nhóm 2 = 1.2
36.2,7.4,"Kế hoạch triển khai phòng, chống thiên tai","Xây dựng kế hoạch phòng, chống thiên tai, ứng phó sự cố.",Kế hoạch,,Nhóm 1,1,"36. Bảo đảm an ninh, an toàn và bảo vệ nhà trường",hệ số 1 ≠ chuẩn Nhóm 1 = 0.5
36.3,9.5,"Báo cáo vụ việc mất an ninh, trật tự, an toàn (nếu có)","Báo cáo, đề xuất xử lý khi phát sinh vụ việc mất an ninh, trật tự.",Báo cáo,,Nhóm 1,1,"36. Bảo đảm an ninh, an toàn và bảo vệ nhà trường",hệ số 1 ≠ chuẩn Nhóm 1 = 0.5
36.4,3,"Quy chế, Quy định liên quan bảo đảm an ninh, an toàn và bảo vệ nhà trường","Ban hành, sửa đổi quy chế, quy định nội bộ liên quan bảo đảm an ninh, an toàn và bảo vệ nhà trường.",Quy chế/Quy định,,Nhóm 2,2,"36. Bảo đảm an ninh, an toàn và bảo vệ nhà trường",hệ số 2 ≠ chuẩn Nhóm 2 = 1.2
36.5,5,"Hướng dẫn liên quan bảo đảm an ninh, an toàn và bảo vệ nhà trường","Hướng dẫn nghiệp vụ, chỉ dẫn cách thức thực hiện liên quan bảo đảm an ninh, an toàn và bảo vệ nhà trường.",Hướng dẫn,,Nhóm 2,1.2,"36. Bảo đảm an ninh, an toàn và bảo vệ nhà trường",
36.6,3.1,"Công văn nội bộ Trường liên quan bảo đảm an ninh, an toàn và bảo vệ nhà trường","Trao đổi, đề nghị, phối hợp giữa các đơn vị trong Trường liên quan bảo đảm an ninh, an toàn và bảo vệ nhà trường.",Công văn,,Nhóm 1,0.5,"36. Bảo đảm an ninh, an toàn và bảo vệ nhà trường",
36.7,3.2,"Công văn ra ngoài Trường liên quan bảo đảm an ninh, an toàn và bảo vệ nhà trường","Trao đổi, báo cáo, đề nghị với cơ quan, đơn vị bên ngoài liên quan bảo đảm an ninh, an toàn và bảo vệ nhà trường.",Công văn,,Nhóm 1,0.5,"36. Bảo đảm an ninh, an toàn và bảo vệ nhà trường",
36.8,9.4,"Báo cáo tiếp thu, giải trình liên quan bảo đảm an ninh, an toàn và bảo vệ nhà trường","Báo cáo tiếp thu, giải trình theo yêu cầu của cấp có thẩm quyền liên quan bảo đảm an ninh, an toàn và bảo vệ nhà trường.",Báo cáo,,Nhóm 1,0.5,"36. Bảo đảm an ninh, an toàn và bảo vệ nhà trường",
37.1,7.2,"Chương trình, kế hoạch đối ngoại, hợp tác quốc tế năm","Xây dựng kế hoạch hoạt động đối ngoại, hợp tác quốc tế hằng năm.",Kế hoạch,,Nhóm 2,1.5,37. Đối ngoại và hợp tác quốc tế,hệ số 1.5 ≠ chuẩn Nhóm 2 = 1.2
37.2,14,Bản ghi nhớ hợp tác quốc tế,"Ký kết bản ghi nhớ hợp tác với đối tác, tổ chức nước ngoài.",Bản ghi nhớ/Bản thỏa thuận,,Nhóm 1,1,37. Đối ngoại và hợp tác quốc tế,hệ số 1 ≠ chuẩn Nhóm 1 = 0.5
37.3,9.5,Báo cáo kết quả hoạt động đối ngoại,"Tổng hợp, báo cáo kết quả các hoạt động đối ngoại, hợp tác quốc tế.",Báo cáo,,Nhóm 1,1,37. Đối ngoại và hợp tác quốc tế,hệ số 1 ≠ chuẩn Nhóm 1 = 0.5
37.4,3,"Quy chế, Quy định liên quan đối ngoại và hợp tác quốc tế","Ban hành, sửa đổi quy chế, quy định nội bộ liên quan đối ngoại và hợp tác quốc tế.",Quy chế/Quy định,,Nhóm 2,2,37. Đối ngoại và hợp tác quốc tế,hệ số 2 ≠ chuẩn Nhóm 2 = 1.2
37.5,5,Hướng dẫn liên quan đối ngoại và hợp tác quốc tế,"Hướng dẫn nghiệp vụ, chỉ dẫn cách thức thực hiện liên quan đối ngoại và hợp tác quốc tế.",Hướng dẫn,,Nhóm 2,1.2,37. Đối ngoại và hợp tác quốc tế,
37.6,3.1,Công văn nội bộ Trường liên quan đối ngoại và hợp tác quốc tế,"Trao đổi, đề nghị, phối hợp giữa các đơn vị trong Trường liên quan đối ngoại và hợp tác quốc tế.",Công văn,,Nhóm 1,0.5,37. Đối ngoại và hợp tác quốc tế,
37.7,3.2,Công văn ra ngoài Trường liên quan đối ngoại và hợp tác quốc tế,"Trao đổi, báo cáo, đề nghị với cơ quan, đơn vị bên ngoài liên quan đối ngoại và hợp tác quốc tế.",Công văn,,Nhóm 1,0.5,37. Đối ngoại và hợp tác quốc tế,
37.8,9.4,"Báo cáo tiếp thu, giải trình liên quan đối ngoại và hợp tác quốc tế","Báo cáo tiếp thu, giải trình theo yêu cầu của cấp có thẩm quyền liên quan đối ngoại và hợp tác quốc tế.",Báo cáo,,Nhóm 1,0.5,37. Đối ngoại và hợp tác quốc tế,
38.1,7.2,Kế hoạch tổ chức đào tạo tiếng Việt cho người nước ngoài năm,"Xây dựng kế hoạch tổ chức lớp đào tạo, bồi dưỡng tiếng Việt cho người nước ngoài.",Kế hoạch,,Nhóm 1,1,38. Hội nhập quốc tế và quản lý hoạt động có yếu tố nước ngoài,hệ số 1 ≠ chuẩn Nhóm 1 = 0.5
38.2,9.5,"Báo cáo quản lý đoàn ra, đoàn vào","Tổng hợp, báo cáo tình hình quản lý đoàn ra, đoàn vào, chuyên gia, khách quốc tế.",Báo cáo,,Nhóm 1,1,38. Hội nhập quốc tế và quản lý hoạt động có yếu tố nước ngoài,hệ số 1 ≠ chuẩn Nhóm 1 = 0.5
38.3,15,"Giấy mời chuyên gia, giảng viên, khách quốc tế","Thực hiện thủ tục mời chuyên gia, giảng viên, khách quốc tế đến làm việc, giảng dạy.",Giấy mời/Giấy tờ hành chính,,Nhóm 1,0.3,38. Hội nhập quốc tế và quản lý hoạt động có yếu tố nước ngoài,hệ số 0.3 ≠ chuẩn Nhóm 1 = 0.5
38.4,3,"Quy chế, Quy định liên quan hội nhập quốc tế và quản lý hoạt động có yếu tố nước ngoài","Ban hành, sửa đổi quy chế, quy định nội bộ liên quan hội nhập quốc tế và quản lý hoạt động có yếu tố nước ngoài.",Quy chế/Quy định,,Nhóm 2,2,38. Hội nhập quốc tế và quản lý hoạt động có yếu tố nước ngoài,hệ số 2 ≠ chuẩn Nhóm 2 = 1.2
38.5,5,Hướng dẫn liên quan hội nhập quốc tế và quản lý hoạt động có yếu tố nước ngoài,"Hướng dẫn nghiệp vụ, chỉ dẫn cách thức thực hiện liên quan hội nhập quốc tế và quản lý hoạt động có yếu tố nước ngoài.",Hướng dẫn,,Nhóm 2,1.2,38. Hội nhập quốc tế và quản lý hoạt động có yếu tố nước ngoài,
38.6,3.1,Công văn nội bộ Trường liên quan hội nhập quốc tế và quản lý hoạt động có yếu tố nước ngoài,"Trao đổi, đề nghị, phối hợp giữa các đơn vị trong Trường liên quan hội nhập quốc tế và quản lý hoạt động có yếu tố nước ngoài.",Công văn,,Nhóm 1,0.5,38. Hội nhập quốc tế và quản lý hoạt động có yếu tố nước ngoài,
38.7,3.2,Công văn ra ngoài Trường liên quan hội nhập quốc tế và quản lý hoạt động có yếu tố nước ngoài,"Trao đổi, báo cáo, đề nghị với cơ quan, đơn vị bên ngoài liên quan hội nhập quốc tế và quản lý hoạt động có yếu tố nước ngoài.",Công văn,,Nhóm 1,0.5,38. Hội nhập quốc tế và quản lý hoạt động có yếu tố nước ngoài,
38.8,9.4,"Báo cáo tiếp thu, giải trình liên quan hội nhập quốc tế và quản lý hoạt động có yếu tố nước ngoài","Báo cáo tiếp thu, giải trình theo yêu cầu của cấp có thẩm quyền liên quan hội nhập quốc tế và quản lý hoạt động có yếu tố nước ngoài.",Báo cáo,,Nhóm 1,0.5,38. Hội nhập quốc tế và quản lý hoạt động có yếu tố nước ngoài,
